-- MariaDB dump 10.19  Distrib 10.6.12-MariaDB, for debian-linux-gnu (x86_64)
--
-- Host: localhost    Database: epw
-- ------------------------------------------------------
-- Server version	10.6.12-MariaDB-0ubuntu0.22.04.1

/*!40101 SET @OLD_CHARACTER_SET_CLIENT=@@CHARACTER_SET_CLIENT */;
/*!40101 SET @OLD_CHARACTER_SET_RESULTS=@@CHARACTER_SET_RESULTS */;
/*!40101 SET @OLD_COLLATION_CONNECTION=@@COLLATION_CONNECTION */;
/*!40101 SET NAMES utf8mb4 */;
/*!40103 SET @OLD_TIME_ZONE=@@TIME_ZONE */;
/*!40103 SET TIME_ZONE='+00:00' */;
/*!40014 SET @OLD_UNIQUE_CHECKS=@@UNIQUE_CHECKS, UNIQUE_CHECKS=0 */;
/*!40014 SET @OLD_FOREIGN_KEY_CHECKS=@@FOREIGN_KEY_CHECKS, FOREIGN_KEY_CHECKS=0 */;
/*!40101 SET @OLD_SQL_MODE=@@SQL_MODE, SQL_MODE='NO_AUTO_VALUE_ON_ZERO' */;
/*!40111 SET @OLD_SQL_NOTES=@@SQL_NOTES, SQL_NOTES=0 */;

--
-- Table structure for table `admins`
--

DROP TABLE IF EXISTS `admins`;
/*!40101 SET @saved_cs_client     = @@character_set_client */;
/*!40101 SET character_set_client = utf8 */;
CREATE TABLE `admins` (
  `id` bigint(20) unsigned NOT NULL AUTO_INCREMENT,
  `name` varchar(100) NOT NULL,
  `email` varchar(100) NOT NULL,
  `password` varchar(255) NOT NULL,
  `status` tinyint(1) NOT NULL,
  `created_at` timestamp NULL DEFAULT NULL,
  `updated_at` timestamp NULL DEFAULT NULL,
  PRIMARY KEY (`id`)
) ENGINE=InnoDB AUTO_INCREMENT=2 DEFAULT CHARSET=utf8mb4 COLLATE=utf8mb4_unicode_ci;
/*!40101 SET character_set_client = @saved_cs_client */;

--
-- Dumping data for table `admins`
--

LOCK TABLES `admins` WRITE;
/*!40000 ALTER TABLE `admins` DISABLE KEYS */;
INSERT INTO `admins` VALUES (1,'Admin','admin@yopmail.com','$2y$10$vT3Bs/UC/0OrWynZeLd1vu6hWLUomjjGSd7Oalhv1fOt76fqB.sru',1,NULL,NULL);
/*!40000 ALTER TABLE `admins` ENABLE KEYS */;
UNLOCK TABLES;

--
-- Table structure for table `exams`
--

DROP TABLE IF EXISTS `exams`;
/*!40101 SET @saved_cs_client     = @@character_set_client */;
/*!40101 SET character_set_client = utf8 */;
CREATE TABLE `exams` (
  `id` bigint(20) unsigned NOT NULL AUTO_INCREMENT,
  `uuid` char(36) NOT NULL,
  `student_id` bigint(20) unsigned NOT NULL,
  `total` bigint(20) unsigned NOT NULL,
  `status` tinyint(1) NOT NULL DEFAULT 1 COMMENT '0->Inactive,1->active',
  `created_at` timestamp NULL DEFAULT NULL,
  `updated_at` timestamp NULL DEFAULT NULL,
  PRIMARY KEY (`id`),
  KEY `exams_student_id_foreign` (`student_id`),
  CONSTRAINT `exams_student_id_foreign` FOREIGN KEY (`student_id`) REFERENCES `students` (`id`) ON DELETE CASCADE
) ENGINE=InnoDB AUTO_INCREMENT=114 DEFAULT CHARSET=utf8mb4 COLLATE=utf8mb4_unicode_ci;
/*!40101 SET character_set_client = @saved_cs_client */;

--
-- Dumping data for table `exams`
--

LOCK TABLES `exams` WRITE;
/*!40000 ALTER TABLE `exams` DISABLE KEYS */;
INSERT INTO `exams` VALUES (1,'99906a0c-0e8c-4238-9a99-1ab09b5cf9f9',19,1,1,'2023-10-06 16:53:39','2023-10-06 17:06:47'),(2,'9f140a83-5d65-43f2-a48f-2ff8891cdd57',19,0,1,'2023-10-09 16:40:06','2023-10-09 16:40:06'),(3,'2c9df25d-a6b7-477d-90f6-d9554c078b6f',19,0,1,'2023-10-10 07:42:19','2023-10-10 07:42:19'),(4,'297ddfbb-4002-498c-a8bc-4cba84a79aba',19,0,1,'2023-10-10 07:58:00','2023-10-10 07:58:00'),(5,'8641174d-1037-40bf-9424-9ea99a3ef170',19,0,1,'2023-10-10 07:58:03','2023-10-10 07:58:03'),(6,'755f94ed-87a1-477a-a942-0c947a76b76b',19,0,1,'2023-10-10 07:58:29','2023-10-10 07:58:29'),(7,'b6d4b069-6416-4072-9200-8df95f96a862',19,0,1,'2023-10-10 08:20:07','2023-10-10 08:20:07'),(8,'f339cb50-23b5-41f6-adcf-0841dd084435',19,0,1,'2023-10-10 08:29:54','2023-10-10 08:29:54'),(9,'bdc10365-dbd4-493e-a438-90583329510a',19,0,1,'2023-10-10 09:49:54','2023-10-10 09:49:54'),(10,'86644428-2f64-48bd-be1a-8adc3b6ea9fd',19,0,1,'2023-10-10 09:51:39','2023-10-10 09:51:39'),(11,'c8b8441a-1f9e-4305-a438-ddaaeb79fd79',19,0,1,'2023-10-10 09:52:16','2023-10-10 09:52:16'),(12,'0eabcf4e-4c56-4cc1-b997-3d396c06b39c',19,0,1,'2023-10-10 09:53:46','2023-10-10 09:53:46'),(13,'b918e3c0-f275-45fe-9b8d-ff5a1e28742b',19,0,1,'2023-10-10 10:21:56','2023-10-10 10:21:56'),(14,'077464fe-63ab-45aa-80da-3d5d0022c78b',19,0,1,'2023-10-10 10:41:54','2023-10-10 10:41:54'),(15,'54fe7177-b656-4f73-8433-fff5602ebacd',19,0,1,'2023-10-10 11:00:34','2023-10-10 11:00:34'),(16,'545369e3-aaaf-4de3-bfdc-8846a4c80adc',19,0,1,'2023-10-10 11:01:46','2023-10-10 11:01:46'),(17,'484295c8-d39e-482f-a017-1978fc82eb0f',19,0,1,'2023-10-10 11:05:14','2023-10-10 11:05:14'),(18,'73bc3572-c414-4a00-8db0-99904b90d0a5',19,0,1,'2023-10-10 11:13:47','2023-10-10 11:13:47'),(19,'df369fcb-97b9-4115-9727-a956ea90f437',19,0,1,'2023-10-10 11:14:38','2023-10-10 11:14:38'),(20,'b266619b-aee3-46af-8906-44c96441670b',19,0,1,'2023-10-10 11:22:37','2023-10-10 11:22:37'),(21,'a5c6732d-f053-432b-875f-d23acbf4d6f0',19,0,1,'2023-10-10 11:23:28','2023-10-10 11:23:28'),(22,'ebe5fe92-6e54-4384-9d99-1d67a0013902',19,0,1,'2023-10-10 11:24:35','2023-10-10 11:24:35'),(23,'cf5bb98a-6fd1-4344-b3df-8c45109d62c6',19,0,1,'2023-10-10 11:27:06','2023-10-10 11:27:06'),(24,'36803e8e-5226-49d0-b2ce-dee5a89fd368',19,0,1,'2023-10-10 11:27:23','2023-10-10 11:27:23'),(25,'8a1ff0ae-037b-403a-9fc4-1b7e3526c283',19,0,1,'2023-10-10 11:31:33','2023-10-10 11:31:33'),(26,'96c67992-088c-4fe8-b6a1-4fcd62946bb4',19,0,1,'2023-10-10 11:32:09','2023-10-10 11:32:09'),(27,'fc9b4499-41f0-4991-8483-2e97689fdf0f',19,0,1,'2023-10-10 11:33:40','2023-10-10 11:33:40'),(28,'e9d24eb3-5d88-4ea1-ac85-4b95aba7390d',19,0,1,'2023-10-10 11:34:29','2023-10-10 11:34:29'),(29,'420244cd-946b-480d-aadc-fc5b2827c542',19,0,1,'2023-10-10 11:34:40','2023-10-10 11:34:40'),(30,'0157ad5e-f109-4a8a-ba05-ec25cce958fe',19,0,1,'2023-10-10 11:35:12','2023-10-10 11:35:12'),(31,'17e7bf7e-1b79-4d3b-b6a4-873157cd3f9c',19,0,1,'2023-10-10 11:36:03','2023-10-10 11:36:03'),(32,'2c6f8293-c7e0-4fde-9a8d-5250dcb42828',19,0,1,'2023-10-10 11:44:10','2023-10-10 11:44:10'),(33,'b7a4ed9d-e80b-4300-b7c7-ac730a0223de',19,0,1,'2023-10-10 11:47:20','2023-10-10 11:47:20'),(34,'22fc3b5b-5639-4670-8792-13898b615185',19,0,1,'2023-10-10 11:54:48','2023-10-10 11:54:48'),(35,'9af0479f-145a-4a17-97ce-c9c7827adb57',19,0,1,'2023-10-10 11:55:52','2023-10-10 11:55:52'),(36,'32afa6ed-af07-4043-8b2f-5794b9f837a6',19,0,1,'2023-10-10 11:56:41','2023-10-10 11:56:41'),(37,'d3611228-c606-4a1a-8f45-78f376373198',19,0,1,'2023-10-10 13:06:13','2023-10-10 13:06:13'),(38,'5c72ad05-059b-489a-994c-aee868aa3307',19,0,1,'2023-10-10 16:21:44','2023-10-10 16:21:44'),(39,'98a7d319-7fe5-4cb4-bf9c-0e7446d74e28',19,0,1,'2023-10-10 16:50:33','2023-10-10 16:50:33'),(40,'691b04d8-336b-41e2-9896-cdda7f845618',19,0,1,'2023-10-10 16:51:29','2023-10-10 16:51:29'),(41,'86a9dd86-d370-443c-ace0-fa8a65861ee3',19,0,1,'2023-10-10 16:53:57','2023-10-10 16:53:57'),(42,'227dbc98-010d-4adb-b4a6-2c026c807125',19,0,1,'2023-10-10 17:01:47','2023-10-10 17:01:47'),(43,'ac7cdd0d-2282-4170-b32c-8d3a55d7a872',19,0,1,'2023-10-10 17:07:05','2023-10-10 17:07:05'),(44,'e36cc33d-031b-4c95-9c27-045a67bb0b20',19,0,1,'2023-10-10 17:10:59','2023-10-10 17:10:59'),(45,'b33a444e-442b-4e7a-9387-123ac348efd4',19,0,1,'2023-10-10 17:11:22','2023-10-10 17:11:22'),(46,'35694863-dc68-4085-930c-e87776a7662f',19,0,1,'2023-10-10 17:19:28','2023-10-10 17:19:28'),(47,'2071ae92-da8b-4658-aacf-24c44d33298b',19,0,1,'2023-10-10 17:37:47','2023-10-10 17:37:47'),(48,'b19f2dfc-bb74-4196-b140-ef9e39dcfe7a',19,0,1,'2023-10-10 17:46:18','2023-10-10 17:46:18'),(49,'72af1028-be42-4b8a-87a0-5a0e7d61f08f',19,0,1,'2023-10-11 17:10:03','2023-10-11 17:10:03'),(50,'5e955309-1cf3-48d4-94ca-ae854283030f',19,0,1,'2023-10-11 17:14:23','2023-10-11 17:14:23'),(51,'765c47cd-61a1-4bc4-8ee5-f27125089cf4',19,0,1,'2023-10-11 17:17:37','2023-10-11 17:17:37'),(52,'9838645d-f4fc-43e3-a6ab-50c98a2c5ff1',19,0,1,'2023-10-11 17:28:20','2023-10-11 17:28:20'),(53,'2b32ca2c-9dd0-4f74-882a-a0fa16a599ef',19,0,1,'2023-10-11 17:37:10','2023-10-11 17:37:10'),(54,'d3315215-d4d6-4c27-8df8-865386ae2d73',19,0,1,'2023-10-11 17:37:23','2023-10-11 17:37:23'),(55,'5a8ff918-5e30-4183-9deb-0fde6bb0ec00',19,0,1,'2023-10-11 17:47:49','2023-10-11 17:47:49'),(56,'f591e990-d0b2-4c44-9f09-fe315afde31c',19,0,1,'2023-10-11 17:50:51','2023-10-11 17:50:51'),(57,'f51e3b94-8e46-4fe4-baae-0e879f7d94d1',19,0,1,'2023-10-11 17:51:07','2023-10-11 17:51:07'),(58,'42bb7cd4-169c-43c7-ad02-e9d2cb9bf91a',19,0,1,'2023-10-11 17:51:15','2023-10-11 17:51:15'),(59,'ae435188-725a-4088-b609-f30cd529be2e',19,0,1,'2023-10-11 17:51:40','2023-10-11 17:51:40'),(60,'c4cfaaa0-8746-42ff-969f-3992ade97cb5',19,0,1,'2023-10-11 17:51:51','2023-10-11 17:51:51'),(61,'3c704a31-0c3c-499c-8fb4-d665a6c339a6',19,0,1,'2023-10-11 17:58:54','2023-10-11 17:58:54'),(62,'9117c452-07da-4113-981c-e04d776a0be2',19,0,1,'2023-10-11 18:02:03','2023-10-11 18:02:03'),(63,'878023ea-edde-4520-a1d7-9f8186ebf0ed',19,0,1,'2023-10-11 18:02:05','2023-10-11 18:02:05'),(64,'e5e110b8-b808-4dde-b6c3-110e12a53356',19,0,1,'2023-10-11 18:02:05','2023-10-11 18:02:05'),(65,'1a30c216-89cd-4669-8033-dacb93fb58db',19,0,1,'2023-10-11 18:02:08','2023-10-11 18:02:08'),(66,'323c76c1-b55c-45a9-8f68-74d5c6d159a1',19,0,1,'2023-10-11 18:02:09','2023-10-11 18:02:09'),(67,'37c5d1be-102e-408f-bf1c-bf31202a31cd',19,0,1,'2023-10-11 18:02:14','2023-10-11 18:02:14'),(68,'960f181c-d08b-4c01-b755-7f470025530c',19,0,1,'2023-10-11 18:02:34','2023-10-11 18:02:34'),(69,'53811e5f-85a6-4d02-8883-d085e8a4933f',19,0,1,'2023-10-11 18:02:37','2023-10-11 18:02:37'),(70,'ae28d21f-cbc0-4813-b3b1-165ac24ac991',19,0,1,'2023-10-11 18:02:57','2023-10-11 18:02:57'),(71,'71f7468e-37fa-4fdb-aa72-24a6e8fac3de',19,0,1,'2023-10-11 18:02:58','2023-10-11 18:02:58'),(72,'e77cf0cd-a95a-4ada-8ba2-a66a268c4257',19,0,1,'2023-10-11 18:03:07','2023-10-11 18:03:07'),(73,'bc3913d2-c167-4fa9-a59c-453d00e2102d',19,0,1,'2023-10-11 18:03:57','2023-10-11 18:03:57'),(74,'da4e7030-174e-4d75-abeb-8d9c9827b1a6',19,0,1,'2023-10-11 18:04:02','2023-10-11 18:04:02'),(75,'5f5ed38d-4d77-4949-9b01-de0d93e8964d',19,0,1,'2023-10-11 18:52:18','2023-10-11 18:52:18'),(76,'bb5265b6-d478-4f9d-b265-9603fbc5dc8b',11,0,1,'2023-10-11 23:41:17','2023-10-11 23:41:17'),(77,'e98a5627-9fd2-478d-8e20-e82b1bceb047',19,0,1,'2023-10-14 11:33:57','2023-10-14 11:33:57'),(78,'31ef7323-8a35-418e-b2e2-e11fac4f2df5',19,0,1,'2023-10-14 12:09:36','2023-10-14 12:09:36'),(79,'b6672ecd-03e5-4c9f-9ba0-7637cf833831',19,0,1,'2023-10-14 12:10:56','2023-10-14 12:10:56'),(80,'d8eb8ab0-50bf-4e5c-b496-e05f935564ef',19,0,1,'2023-10-14 12:14:04','2023-10-14 12:14:04'),(81,'1b591829-a1c2-4599-be9f-9444a259fd2e',19,0,1,'2023-10-14 12:14:50','2023-10-14 12:14:50'),(82,'c9ad620c-4bd1-40de-9a6e-29757f33166d',19,0,1,'2023-10-14 12:22:54','2023-10-14 12:22:54'),(83,'f99df1fe-2086-4f06-a0e2-746148aedfaf',19,0,1,'2023-10-14 12:30:58','2023-10-14 12:30:58'),(84,'b68c6416-2414-4486-ac1b-3fa4bfe81343',19,0,1,'2023-10-14 12:34:14','2023-10-14 12:34:14'),(85,'5bbcc327-1fde-4101-91ee-63ebf5eaff85',19,0,1,'2023-10-14 12:37:07','2023-10-14 12:37:07'),(86,'d830e3a2-53dc-4a35-9701-f991c4e1a573',19,0,1,'2023-10-14 12:39:42','2023-10-14 12:39:42'),(87,'23cbe8e7-83ae-4d91-a1bb-8fa88dbe9cdc',19,0,1,'2023-10-14 12:42:46','2023-10-14 12:42:46'),(88,'a351baba-cfe8-4bea-b767-09364e9e561d',19,0,1,'2023-10-14 12:58:34','2023-10-14 12:58:34'),(89,'ba575d13-9c17-4c6e-af57-815127d9e98e',19,0,1,'2023-10-14 12:59:25','2023-10-14 12:59:25'),(90,'01f2bc11-1acc-4522-b967-0d07d4227259',19,0,1,'2023-10-14 13:02:00','2023-10-14 13:02:00'),(91,'365cf8ec-13e1-47d7-9332-41970dd86396',19,0,1,'2023-10-14 13:07:52','2023-10-14 13:07:52'),(92,'4ec70e86-aef3-4199-8605-3bc79afef232',19,0,1,'2023-10-14 13:08:54','2023-10-14 13:08:54'),(93,'34653ad6-afe2-4031-afe9-9078a5b5db0c',19,0,1,'2023-10-14 13:19:26','2023-10-14 13:19:26'),(94,'bb8956fc-fcde-40e9-8689-0fa0be9a9ac5',19,0,1,'2023-10-14 13:22:29','2023-10-14 13:22:29'),(95,'bee04e42-5480-459d-a6ca-6f8efcf7f780',19,0,1,'2023-10-14 13:29:13','2023-10-14 13:29:13'),(96,'d559d86c-4575-44ab-8197-29d02cdf42f9',19,0,1,'2023-10-14 13:39:47','2023-10-14 13:39:47'),(97,'14fd559a-d499-43a5-8167-27e1ae69e0a3',19,0,1,'2023-10-14 16:29:26','2023-10-14 16:29:26'),(98,'5d4c6b95-652e-43ff-8163-ee019bb5da29',19,0,1,'2023-10-14 16:32:40','2023-10-14 16:32:40'),(99,'1249c401-d2db-40b7-bf03-d9377d4b046c',19,0,1,'2023-10-14 16:36:48','2023-10-14 16:36:48'),(100,'4a4846c8-ae63-460b-8182-d369bd65f982',19,0,1,'2023-10-14 16:37:37','2023-10-14 16:37:37'),(101,'f6338fb3-0673-4cfe-9de2-424a8e750257',19,0,1,'2023-10-14 16:39:01','2023-10-14 16:39:01'),(102,'1a72ac1f-4e03-4283-ad81-9d70937fb7de',19,0,1,'2023-10-14 16:42:32','2023-10-14 16:42:32'),(103,'fbee1375-48db-4312-a7c4-032a017fbf65',19,5,1,'2023-10-14 17:11:29','2023-10-14 17:14:05'),(104,'ff12349b-4a2a-4030-9685-f89fd00b5eb0',19,0,1,'2023-10-14 17:16:59','2023-10-14 17:16:59'),(105,'98ee9814-7310-478b-860a-ca20e34b344f',19,0,1,'2023-10-14 17:17:30','2023-10-14 17:17:30'),(106,'56c200f6-d5e5-4ac8-a18b-3e5d2fdebc3d',19,0,1,'2023-10-14 17:18:07','2023-10-14 17:18:07'),(107,'9078dacb-1355-41f0-86d8-996987ffada8',19,0,1,'2023-10-14 17:19:04','2023-10-14 17:19:04'),(108,'371a0853-5aa0-4c59-9363-eb213c70aeb0',19,0,1,'2023-10-14 17:22:20','2023-10-14 17:22:20'),(109,'13f25bf8-7656-4a8b-aea3-5808edd5cec7',19,0,1,'2023-10-14 17:25:48','2023-10-14 17:25:48'),(110,'fcfda459-878c-4b7f-a031-43a6cc346ef5',11,17,1,'2023-10-16 05:53:50','2023-10-16 05:57:57'),(111,'d2abab14-b187-4f50-a1be-18a81372a1c3',19,0,1,'2023-10-16 06:13:37','2023-10-16 06:13:37'),(112,'8c3499c1-c262-4c0e-8be1-89578003a57b',19,10,1,'2023-10-16 06:14:50','2023-10-16 06:29:44'),(113,'5f292814-af7e-4307-ad8f-985c51fe5e0a',19,0,1,'2023-10-16 06:30:30','2023-10-16 06:30:30');
/*!40000 ALTER TABLE `exams` ENABLE KEYS */;
UNLOCK TABLES;

--
-- Table structure for table `failed_jobs`
--

DROP TABLE IF EXISTS `failed_jobs`;
/*!40101 SET @saved_cs_client     = @@character_set_client */;
/*!40101 SET character_set_client = utf8 */;
CREATE TABLE `failed_jobs` (
  `id` bigint(20) unsigned NOT NULL AUTO_INCREMENT,
  `connection` text NOT NULL,
  `queue` text NOT NULL,
  `payload` longtext NOT NULL,
  `exception` longtext NOT NULL,
  `failed_at` timestamp NOT NULL DEFAULT current_timestamp(),
  PRIMARY KEY (`id`)
) ENGINE=InnoDB DEFAULT CHARSET=utf8mb4 COLLATE=utf8mb4_unicode_ci;
/*!40101 SET character_set_client = @saved_cs_client */;

--
-- Dumping data for table `failed_jobs`
--

LOCK TABLES `failed_jobs` WRITE;
/*!40000 ALTER TABLE `failed_jobs` DISABLE KEYS */;
/*!40000 ALTER TABLE `failed_jobs` ENABLE KEYS */;
UNLOCK TABLES;

--
-- Table structure for table `migrations`
--

DROP TABLE IF EXISTS `migrations`;
/*!40101 SET @saved_cs_client     = @@character_set_client */;
/*!40101 SET character_set_client = utf8 */;
CREATE TABLE `migrations` (
  `id` int(10) unsigned NOT NULL AUTO_INCREMENT,
  `migration` varchar(255) NOT NULL,
  `batch` int(11) NOT NULL,
  PRIMARY KEY (`id`)
) ENGINE=InnoDB AUTO_INCREMENT=28 DEFAULT CHARSET=utf8mb4 COLLATE=utf8mb4_unicode_ci;
/*!40101 SET character_set_client = @saved_cs_client */;

--
-- Dumping data for table `migrations`
--

LOCK TABLES `migrations` WRITE;
/*!40000 ALTER TABLE `migrations` DISABLE KEYS */;
INSERT INTO `migrations` VALUES (14,'2014_10_12_100000_create_password_resets_table',1),(15,'2016_06_01_000001_create_oauth_auth_codes_table',1),(16,'2016_06_01_000002_create_oauth_access_tokens_table',1),(17,'2016_06_01_000003_create_oauth_refresh_tokens_table',1),(18,'2016_06_01_000004_create_oauth_clients_table',1),(19,'2016_06_01_000005_create_oauth_personal_access_clients_table',1),(20,'2019_08_19_000000_create_failed_jobs_table',1),(21,'2022_07_18_131935_create_admins_table',1),(22,'2022_07_18_132300_create_users_table',1),(23,'2023_07_15_113341_create_students_table',1),(24,'2023_07_16_152342_create_questions_table',1),(25,'2023_07_16_172251_create_exams_table',1),(26,'2023_07_16_172305_create_student_responses_table',1),(27,'2023_07_29_155317_add_tamil_columns_to_questions_table',2);
/*!40000 ALTER TABLE `migrations` ENABLE KEYS */;
UNLOCK TABLES;

--
-- Table structure for table `oauth_access_tokens`
--

DROP TABLE IF EXISTS `oauth_access_tokens`;
/*!40101 SET @saved_cs_client     = @@character_set_client */;
/*!40101 SET character_set_client = utf8 */;
CREATE TABLE `oauth_access_tokens` (
  `id` varchar(100) NOT NULL,
  `user_id` bigint(20) unsigned DEFAULT NULL,
  `client_id` bigint(20) unsigned NOT NULL,
  `name` varchar(255) DEFAULT NULL,
  `scopes` text DEFAULT NULL,
  `revoked` tinyint(1) NOT NULL,
  `created_at` timestamp NULL DEFAULT NULL,
  `updated_at` timestamp NULL DEFAULT NULL,
  `expires_at` datetime DEFAULT NULL,
  PRIMARY KEY (`id`),
  KEY `oauth_access_tokens_user_id_index` (`user_id`)
) ENGINE=InnoDB DEFAULT CHARSET=utf8mb4 COLLATE=utf8mb4_unicode_ci;
/*!40101 SET character_set_client = @saved_cs_client */;

--
-- Dumping data for table `oauth_access_tokens`
--

LOCK TABLES `oauth_access_tokens` WRITE;
/*!40000 ALTER TABLE `oauth_access_tokens` DISABLE KEYS */;
INSERT INTO `oauth_access_tokens` VALUES ('000e7cf931449f33f69c72796138924debc309a90e0a7e4629af8773cf34d2d54be6b9d3b1a46b99',6,1,'API Token','[]',0,'2023-08-19 19:17:35','2023-08-19 19:17:35','2024-08-19 19:17:35'),('017546ed81671427cd8db22e201a18598edbcd6c71cf9b64fa663dcb85c52ca596b7dc8a8e786641',18,1,'API Token','[]',0,'2023-08-19 19:51:50','2023-08-19 19:51:50','2024-08-19 19:51:50'),('019d4c134fa23b36a43c1228db56eddb615255bee396ece3c4e8e0732dce0dee84ca2b3e503f4cee',14,1,'API Token','[]',0,'2023-08-19 17:21:05','2023-08-19 17:21:05','2024-08-19 17:21:05'),('022ee078414311b3677a2a98e8f997fd0c9caa0ee73ba0af55099d3421d9ccf83d24ccba7778c4f4',6,1,'API Token','[]',0,'2023-08-22 17:02:10','2023-08-22 17:02:10','2024-08-22 17:02:10'),('04d6957feda9c2be62b9f802d4320a7c286db5adb35025f06514d583e7f320ac75a6531b802bc0f6',2,1,'API Token','[]',0,'2023-07-25 16:03:01','2023-07-25 16:03:01','2024-07-25 16:03:01'),('0647cfa6e492da2274991b919dd9a7d64381bf75cf2d0ff8e06ad10dbf5789a51f63661391167520',2,1,'API Token','[]',0,'2023-08-22 03:12:15','2023-08-22 03:12:15','2024-08-22 03:12:15'),('06ccdb3036c29be79c99ed6c8cdbb2609fdddcfd0ad065ef59d5f9126c73eee863e122918e1744d1',6,1,'API Token','[]',0,'2023-08-22 17:09:39','2023-08-22 17:09:39','2024-08-22 17:09:39'),('090a70c9b0da5c2354b9516a9f9506d5ce729c25a031c6f76aae77358ae4393d5c67f4517d1a9e36',2,1,'API Token','[]',0,'2023-07-26 01:51:34','2023-07-26 01:51:34','2024-07-26 01:51:34'),('0ba0cd91d887ecc4bc8173a37aec1b92acdc5b08d33dd2e4d633bd1404c552d01effcdf48010fdc1',2,1,'API Token','[]',0,'2023-08-25 03:25:59','2023-08-25 03:25:59','2024-08-25 03:25:59'),('0bcc40f801ea55bc304cc9a5c0ed20dc37ae03a09d5a7accc645e23e32c510da7b4b4d55c15fc698',2,1,'API Token','[]',0,'2023-08-20 02:27:33','2023-08-20 02:27:33','2024-08-20 02:27:33'),('0d34219cb164b271cf4e11c82e558061f237630c57f135cb3bbd85559879bd2478e0379073f329a3',9,1,'API Token','[]',0,'2023-08-20 01:58:17','2023-08-20 01:58:17','2024-08-20 01:58:17'),('0e8cc1040529d0bb9700f080572fe60c1b824d96471a792e6f2d8bd4964b8f3214b75c163f8c3e4c',6,1,'API Token','[]',0,'2023-09-11 16:54:33','2023-09-11 16:54:33','2024-09-11 16:54:33'),('0ea7e7ec17952c91b4a6f1d51c4dc686e327469dc78fa949a9406aeb94ea154c8f0a8e4ef3697aac',26,1,'API Token','[]',0,'2023-08-21 16:33:44','2023-08-21 16:33:44','2024-08-21 16:33:44'),('0f8fd76f8e2da02d18878c5de45a693189171425400f4efc35dfa550078e24db4c70b9d46be71020',23,1,'API Token','[]',0,'2023-08-20 01:58:05','2023-08-20 01:58:05','2024-08-20 01:58:05'),('10d3f67906e47d76d51f562eb7b02a6c63446a37bc00245402675b0b22f25c7ad68054277174a812',6,1,'API Token','[]',0,'2023-08-20 02:07:50','2023-08-20 02:07:50','2024-08-20 02:07:50'),('110e8ee724eeeb0f449cd85f6bb74959c8ee8d18fbb55f163c4ec0f4dfbc7c738f22da5e9b1dd0e7',2,1,'API Token','[]',0,'2023-07-25 16:42:16','2023-07-25 16:42:16','2024-07-25 16:42:16'),('118d08b6696e321f713ca064c6d999edd06481348f2163f1bfa9596b7830edcfe1e2e8587ca62ceb',2,1,'API Token','[]',0,'2023-07-25 18:15:02','2023-07-25 18:15:02','2024-07-25 18:15:02'),('124c5bc917cf3c049419959930037924e5e04f00695ab1a51db18be3d94f065f94dd8ed092f3ee56',6,1,'API Token','[]',0,'2023-08-20 02:21:50','2023-08-20 02:21:50','2024-08-20 02:21:50'),('141769d51203a0805b928ff16da8d21d1ee95ed38cec84199f6bb690334b0b1b20bce6e5d8eeff47',31,1,'API Token','[]',0,'2023-08-21 17:46:07','2023-08-21 17:46:07','2024-08-21 17:46:07'),('14dba592cd73e716fd1aa10d464836b6a6ef6faa2d38e3b0353fcc3acd0589e157efafbf16ed3242',6,1,'API Token','[]',0,'2023-07-25 16:28:49','2023-07-25 16:28:49','2024-07-25 16:28:49'),('14e53e4e9362328f3a49edc30fa9ec5b5db57df969d6d9df0c3e0fa0ec89d275adbe4134562769f1',2,1,'API Token','[]',0,'2023-07-25 16:32:37','2023-07-25 16:32:37','2024-07-25 16:32:37'),('156cfd7ee8463638d1ec43c3936146655e8c970bf7dc7263c700a41e2ab9437d3be87482936c67f0',6,1,'API Token','[]',0,'2023-08-22 17:49:56','2023-08-22 17:49:56','2024-08-22 17:49:56'),('167cc09b651344f4f70f49eb95af200687e8e9fa12f403bf6a9746bfc0ee64c1a485f6ca4bc40865',13,1,'API Token','[]',0,'2023-09-13 17:14:37','2023-09-13 17:14:37','2024-09-13 17:14:37'),('1dd64955ff58c45a1e5f764bcd072b5a9f3a223ce16d76889356637d5fbed2e2cdd02010d05aa5ae',2,1,'API Token','[]',0,'2023-07-25 17:14:59','2023-07-25 17:14:59','2024-07-25 17:14:59'),('1e154f8576bd8a720375be596be1b8aaee8ea2b965e0e982ee000082d0636d7b51d8b84be46e8a17',39,1,'API Token','[]',0,'2023-09-10 09:28:58','2023-09-10 09:28:58','2024-09-10 09:28:58'),('1e2b658410b024ab5f999891deca1ce0d8969e1ff4ca1dd0e0d1cc5237212c0120b1eef59da243f8',2,1,'API Token','[]',0,'2023-08-23 00:52:13','2023-08-23 00:52:13','2024-08-23 00:52:13'),('1e84ba37697a9516b3fcb60f44fad3439eec31ff90fc0bc5bb811b6edda61fc2523f91f97cde634c',2,1,'API Token','[]',0,'2023-07-27 17:42:32','2023-07-27 17:42:32','2024-07-27 17:42:32'),('1ecdff53ab6f6e31d5905721653cd420d66fa909910150f3231cce5a0b7249224e9d9ccaae3e17b0',34,1,'API Token','[]',0,'2023-08-22 16:51:10','2023-08-22 16:51:10','2024-08-22 16:51:10'),('2099683b653ec797120fd560ef98c9e44e845f67d1b0d9df32333ddea9a7256f49def3dd531fc9bb',2,1,'API Token','[]',0,'2023-08-21 23:47:23','2023-08-21 23:47:23','2024-08-21 23:47:23'),('21c2adee50d193243165e1f2603a77a942c78be24b7b3cd679d867777eb56e2f32a60d84183ba5d9',6,1,'API Token','[]',0,'2023-08-22 17:37:50','2023-08-22 17:37:50','2024-08-22 17:37:50'),('22f189972dd6482b4a232ff0d6a6f44edd5b49db92f0a575595cbf01dc2389d37ae44e72aa9c6e14',2,1,'API Token','[]',0,'2023-07-25 16:57:05','2023-07-25 16:57:05','2024-07-25 16:57:05'),('2438ca47d496f3455fa06d279248bd27ea4478f1feab43f8e7c3a1ac45c96feb52da7b1876e73985',6,1,'API Token','[]',0,'2023-08-19 18:54:29','2023-08-19 18:54:29','2024-08-19 18:54:29'),('26f10727350dbe981424cf860600e5d452bc4be68310adb6ce1d6ee0dc2558b65610dafde48e7a8b',34,1,'API Token','[]',0,'2023-08-22 16:54:00','2023-08-22 16:54:00','2024-08-22 16:54:00'),('27a357afc8e7e37fa7c317a59485615e22698fad855cc20946701b67365fed16807b3cfdac5f44a2',2,1,'API Token','[]',0,'2023-09-10 23:11:50','2023-09-10 23:11:50','2024-09-10 23:11:50'),('28149e83d20959bef92a5c1b2e5bdb25652f169cf8760a1b779ebb0622cd525b9eba277115d493d6',6,1,'API Token','[]',0,'2023-08-25 18:02:02','2023-08-25 18:02:02','2024-08-25 18:02:02'),('285422692d3d83f56a96905345e419d1671fedd9b583f3efa88e5baf9507b9ee81de655c9e105375',2,1,'API Token','[]',0,'2023-10-10 07:43:40','2023-10-10 07:43:40','2024-10-10 07:43:40'),('2aca343a895fb953bc2fe0cc4a3dd42a4158d93d3e715537a6d5ad0ec16c14998e596e61a9777b8b',6,1,'API Token','[]',0,'2023-08-22 17:45:14','2023-08-22 17:45:14','2024-08-22 17:45:14'),('2b2442f66e187ee3258d42d7b3e83805393ba3bda04c0756001ae7c47dd710478fedd6c10bfe6215',2,1,'API Token','[]',0,'2023-08-21 13:27:08','2023-08-21 13:27:08','2024-08-21 13:27:08'),('2b975fa933476a3fb4b0b68415605a70bec43a1d5b8a78ead7acdde8af2c24cdb8b3df785f2d0807',2,1,'API Token','[]',0,'2023-10-11 23:41:01','2023-10-11 23:41:01','2024-10-11 23:41:01'),('2c36cc7d1a4c8eb261fe3a24d4bcec07a77593b6aeb3b99ab37b04db2d0db6626a19b463322f7b66',2,1,'API Token','[]',0,'2023-08-21 23:44:06','2023-08-21 23:44:06','2024-08-21 23:44:06'),('2e31c4ed6a7d0d086479f188c4d2f2322177116637453c8f5617c9f3d12498ead4e29b9ee15f1ea5',33,1,'API Token','[]',0,'2023-08-21 17:44:07','2023-08-21 17:44:07','2024-08-21 17:44:07'),('34a5ce0157bf9a7c43ac1c8516bdd49134c330d8873a2912d44b3ad726e7b085195b112f9ca3dee6',2,1,'API Token','[]',0,'2023-07-25 17:03:46','2023-07-25 17:03:46','2024-07-25 17:03:46'),('35982e5226add0a602a1c4515ece266ae64a4370e121cbbfe7c7941fc606a5fc2246014588335c9c',2,1,'API Token','[]',0,'2023-07-27 04:23:00','2023-07-27 04:23:00','2024-07-27 04:23:00'),('36be8965055cbec5c00e4ab72a91970a31617be8001fb2b0918c4c95b1f8c07fe71d39247f5f3aec',5,1,'API Token','[]',0,'2023-07-27 04:17:33','2023-07-27 04:17:33','2024-07-27 04:17:33'),('38d3500d04a960f515802bdc62ace73ffc74556604d82d19d0fe8dd01f42a62c4b9944b882130548',2,1,'API Token','[]',0,'2023-08-21 23:45:07','2023-08-21 23:45:07','2024-08-21 23:45:07'),('3b6a6a319471880543793d8905d3c495ba66666005907baab35e66730f8857e2a8c6800a3bb137cf',6,1,'API Token','[]',0,'2023-08-19 18:35:53','2023-08-19 18:35:53','2024-08-19 18:35:53'),('3bcf2089ba45fc1b3c902b4fb469cabe513fc18918ef2e29714f2d6efa8f442ee1387ae1a1124f58',11,1,'API Token','[]',0,'2023-08-21 23:43:41','2023-08-21 23:43:41','2024-08-21 23:43:41'),('3ec46fd2d48da8249705d4fbf6bea6891bb307e209adb9453c1b0d3ecb85f83289851699a10da849',22,1,'API Token','[]',0,'2023-08-20 01:57:43','2023-08-20 01:57:43','2024-08-20 01:57:43'),('3fe214254bef971c0c735cf882b55c1f4925438d3f0c9e8b4793807d8a8a6e0e15fa3aae7a61f482',19,1,'API Token','[]',0,'2023-08-20 01:54:38','2023-08-20 01:54:38','2024-08-20 01:54:38'),('425e66bed7db22736af17a7efca513685aacea58354664e9a33b6f9c52bf7c8a55723c8f5cfbae9a',37,1,'API Token','[]',0,'2023-08-22 17:41:34','2023-08-22 17:41:34','2024-08-22 17:41:34'),('4310d59a798d9ed707d8218f49972d457f72b53609dced76bd7849686d783a6758e73cfbdf3c4800',31,1,'API Token','[]',0,'2023-08-22 17:02:02','2023-08-22 17:02:02','2024-08-22 17:02:02'),('431b43576a03a40346f19341f937cca087b1e4bb4e1df19fae0627278b56f9d1a1cce2e842406a22',13,1,'API Token','[]',0,'2023-07-31 17:02:05','2023-07-31 17:02:05','2024-07-31 17:02:05'),('44de18e89a932af04b729af925e91797487093574272eeac5294b6b74540131ecb753db771c2c37f',2,1,'API Token','[]',0,'2023-07-26 01:58:48','2023-07-26 01:58:48','2024-07-26 01:58:48'),('4896ea9b1d24ea5ceabef26870b68242063d9d2c56a7bfdcf8f886184f230f75cdb6b6e3339b6f71',6,1,'API Token','[]',0,'2023-08-04 17:51:40','2023-08-04 17:51:40','2024-08-04 17:51:40'),('49b6cf2814771d94a6d58d5b8d0b967a663eded90fe6b5d42ee8ddeab03d8ac06679bb3ec01ebfa5',18,1,'API Token','[]',0,'2023-08-19 19:51:46','2023-08-19 19:51:46','2024-08-19 19:51:46'),('4a08f4717c6b98332511eb983300e5fe66dc9ad4e7f79ffe9d6720bf81d83f59fda7c81e0ff76102',5,1,'API Token','[]',0,'2023-07-26 17:19:24','2023-07-26 17:19:24','2024-07-26 17:19:24'),('4a2a5a82bf01c5da722e73df117b663f94e7c3969d4d7fd459d9978181e954e76a713f91083ac391',2,1,'API Token','[]',0,'2023-08-06 00:10:41','2023-08-06 00:10:41','2024-08-06 00:10:41'),('4aeca2fe100251b207601b83ac70beadef66166d4d46fa8c8852ce6abfa9fddb16842631d9c54ff5',2,1,'API Token','[]',0,'2023-08-25 03:26:54','2023-08-25 03:26:54','2024-08-25 03:26:54'),('4b5a1d16edb6c05e79619535ad5c0a3b08930fbf018e236f61780b9dbb223f34c323bc6138c03866',2,1,'API Token','[]',0,'2023-07-25 16:28:00','2023-07-25 16:28:00','2024-07-25 16:28:00'),('4c7ba311a5405a4b0a4be1451e57f2cf5de81549c8ff7308b85c2e8276e67fa3d42b650aa7bab84a',10,1,'API Token','[]',0,'2023-07-26 17:18:26','2023-07-26 17:18:26','2024-07-26 17:18:26'),('4cf5caede0c81155c975372d8c3595ed698fbf75745082cf9a027249313ebcbd2403bb1458fdd7b3',2,1,'API Token','[]',0,'2023-07-25 16:33:53','2023-07-25 16:33:53','2024-07-25 16:33:53'),('4d5cfe9093193d68c5ef6a919a0c74ea2bc8664aee900084e54bb241f1f55296ac3a9ed4d764fc5a',2,1,'API Token','[]',0,'2023-07-25 16:55:59','2023-07-25 16:55:59','2024-07-25 16:55:59'),('4f945cfa1e63d9b6c410337e0dbad225a7cd5f71e8a04dfa014f82642d75ead52933ff126713abfe',2,1,'API Token','[]',0,'2023-07-25 16:12:14','2023-07-25 16:12:14','2024-07-25 16:12:14'),('4fd6195c1cbdd7e55988f3bccbef177b785eda84edff6241f20badfb716f15605fae07f86575012f',2,1,'API Token','[]',0,'2023-08-20 01:35:26','2023-08-20 01:35:26','2024-08-20 01:35:26'),('51e60f52c71fd7eff882da045dcf2beb5d2fb574d3ded1b4a25ee73becc748c68d1094beef912976',6,1,'API Token','[]',0,'2023-08-21 17:14:56','2023-08-21 17:14:56','2024-08-21 17:14:56'),('523e59d96d592490e2ca01a20306e81ad4fe491bdc1214e588f2f74909633bc968592b7383d3abe6',2,1,'API Token','[]',0,'2023-08-22 03:08:16','2023-08-22 03:08:16','2024-08-22 03:08:16'),('52dd3d18f375fc289ed5d0d1925a002c80e213a90847b9c2456200c9b93a666bd52badfd3d49efcd',6,1,'API Token','[]',0,'2023-08-22 16:57:22','2023-08-22 16:57:22','2024-08-22 16:57:22'),('530c42100c832f6332218377042667a0a977b8e6c3254e33eae35b5f2092344c8d2a91630e29457b',6,1,'API Token','[]',0,'2023-07-26 16:55:50','2023-07-26 16:55:50','2024-07-26 16:55:50'),('5592cef53ce71478ab0020676df175e768664d4901b7574ef519f986136e583d2262b99b656c8b92',6,1,'API Token','[]',0,'2023-08-21 17:53:28','2023-08-21 17:53:28','2024-08-21 17:53:28'),('560b6182042a6eb53a64cd44f1434d5160322d9ad58f7207c13ea9951b8c583718a121682f378421',2,1,'API Token','[]',0,'2023-07-24 12:31:00','2023-07-24 12:31:00','2024-07-24 12:31:00'),('574ccb05984e7dd2e4ad8da87a9d0a9bff08d752c5cef8c0bbe085c716080f9b8946cbd4cc4eeef2',2,1,'API Token','[]',0,'2023-08-21 23:48:17','2023-08-21 23:48:17','2024-08-21 23:48:17'),('57a36413fcdd278c71ed5db3a13e2cab44fffcaa08e7054cc1fc0992510a4ef58b8b199e98e2a3e0',6,1,'API Token','[]',0,'2023-08-22 16:57:05','2023-08-22 16:57:05','2024-08-22 16:57:05'),('587686bcf09993fa739c2ea718c6bfa6546cb1ae5b73b8fb7c6eb69dffbb9884cd33c900a0bcbef7',2,1,'API Token','[]',0,'2023-08-19 23:20:47','2023-08-19 23:20:47','2024-08-19 23:20:47'),('5b2da1e9e40ec2f73250e43823d9f7c0c004c40c415d4148afe233a1a5a1784b47495ff4b47813e1',5,1,'API Token','[]',0,'2023-07-24 12:28:36','2023-07-24 12:28:36','2024-07-24 12:28:36'),('5c05d9763c765cfffd9c95312bae36f42831539f864042d03342fe7cd2872b62ace571def32374c1',2,1,'API Token','[]',0,'2023-08-23 00:52:28','2023-08-23 00:52:28','2024-08-23 00:52:28'),('5cccf31b5e6b92130378834b5850e57b7bfd477dbb28a9263952c8447f6832dbca1af601793b76ba',11,1,'API Token','[]',0,'2023-08-21 13:27:29','2023-08-21 13:27:29','2024-08-21 13:27:29'),('5f3a5c5181d3447a8129c96dfb1e55c3349388ae464e8b9d3cab6da76707d1f7f52b590b70094a94',2,1,'API Token','[]',0,'2023-08-20 02:19:55','2023-08-20 02:19:55','2024-08-20 02:19:55'),('5fa69eaf5d95fddd666a87704c202d7bb723cb01f58a556aaa1089e8ddda40f7ebd63f8dbd8d6434',6,1,'API Token','[]',0,'2023-08-20 02:08:40','2023-08-20 02:08:40','2024-08-20 02:08:40'),('6135c7cc802999aa6b09f6d381ae6fe12a0c3d83af7d21008ea3a396e207a80eba49164b5e59c8a2',32,1,'API Token','[]',0,'2023-08-21 17:37:22','2023-08-21 17:37:22','2024-08-21 17:37:22'),('61eb6f0e5af8ef34795fe62c964d2bf890343a3ca2609322d059034895794d2016f84356d1115cda',2,1,'API Token','[]',0,'2023-08-21 23:42:41','2023-08-21 23:42:41','2024-08-21 23:42:41'),('6218f718dbd86d9ba066869b38f1c91228710b753bfd2d59d550288f0a93b3fce0d19f850c882021',6,1,'API Token','[]',0,'2023-07-27 17:22:53','2023-07-27 17:22:53','2024-07-27 17:22:53'),('65bdd5e2dabb5f76e4ecda530488fc851826be4114a619ac8c4fc03a5a0e509726ae6ba4202c1e9e',2,1,'API Token','[]',0,'2023-08-21 23:42:04','2023-08-21 23:42:04','2024-08-21 23:42:04'),('69f5ad9b2ef1f03bbbc962a7ed28a87870082b3d263a394c0b82f8c3a4f6731e3f8f1919d28c2eac',7,1,'API Token','[]',0,'2023-07-26 16:00:38','2023-07-26 16:00:38','2024-07-26 16:00:38'),('6a976535c10523c97270d527fab21dbc31fe379b118b0594dc14ef40abde70525097bd6a978875e6',8,1,'API Token','[]',0,'2023-07-26 17:13:47','2023-07-26 17:13:47','2024-07-26 17:13:47'),('6af00a716f66bf499efd652d46d76e2e1f94d5e37b7051aba055ded59fbe304fcfa7a447a0224212',2,1,'API Token','[]',0,'2023-08-21 23:44:44','2023-08-21 23:44:44','2024-08-21 23:44:44'),('6b089463a99c7df1871eec981ba85e6ab6959896347e358128a3dd2370074f77d8378a4d710cb4da',6,1,'API Token','[]',0,'2023-08-22 18:00:15','2023-08-22 18:00:15','2024-08-22 18:00:15'),('6c7356365c7b5a21f69dae5f1791ad14d465d2a3fcdbfedeb436302b2a8de396a4953e8a26f1f485',6,1,'API Token','[]',0,'2023-08-21 17:48:56','2023-08-21 17:48:56','2024-08-21 17:48:56'),('6d26ea4f0c400d9daff28aa2d320058cfd9000bc830c274109d864fa6e5c965b20a7953115f2cf10',2,1,'API Token','[]',0,'2023-07-24 12:25:06','2023-07-24 12:25:06','2024-07-24 12:25:06'),('6d2f9f106a4e872d16814d5e14dd1ae64abd1ae60126d0d5e1d938f9d76ed88983c9ae8f2aa7494f',2,1,'API Token','[]',0,'2023-08-22 03:08:16','2023-08-22 03:08:16','2024-08-22 03:08:16'),('6d96667e527e48065d94a9d0a01a190ddf2eaeb31389f151b3897539b2902a1eb9d4e7542510dcb2',11,1,'API Token','[]',0,'2023-08-20 15:07:19','2023-08-20 15:07:19','2024-08-20 15:07:19'),('6f068ae31a5e805820a2e8e4c2358763d0ecd0ed1cd7312486dcf5dd70752a7dc226eff64fdb6737',6,1,'API Token','[]',0,'2023-08-22 17:50:03','2023-08-22 17:50:03','2024-08-22 17:50:03'),('7049a5098b0b47cdb5230f18f423b3d31644f2fc945f9b41f97ecbb3e770d92ebeb36bca6a331010',28,1,'API Token','[]',0,'2023-08-21 16:51:40','2023-08-21 16:51:40','2024-08-21 16:51:40'),('704a78048f524514cad04eeec80b050ae93df8b908b5f70c290ea11a2d5436832dc46f041978e8f0',2,1,'API Token','[]',0,'2023-08-21 23:48:52','2023-08-21 23:48:52','2024-08-21 23:48:52'),('730ad3badf8dae8387a652c9538bd957735a5c8f987bd190a5005a2441ca269798d19e35439fcae0',6,1,'API Token','[]',0,'2023-07-26 16:22:37','2023-07-26 16:22:37','2024-07-26 16:22:37'),('738f1265f2154fb3c49d13669d0ddca5d234b7a27838d0de30b458a9d624f6575a6f37d19cb3fbc6',2,1,'API Token','[]',0,'2023-08-22 03:12:55','2023-08-22 03:12:55','2024-08-22 03:12:55'),('75a21cc154e12ff99907069aea2d238ba3225969895c8fc290d0f69adf364277ce4e780b5eaa2a6b',6,1,'API Token','[]',0,'2023-10-12 18:43:50','2023-10-12 18:43:50','2024-10-12 18:43:50'),('760e9b2a5096af60f3111b523d1a52921413483e99da06e5cccafbd42ae1f7f8148f6694f949c2ee',6,1,'API Token','[]',0,'2023-08-19 19:41:40','2023-08-19 19:41:40','2024-08-19 19:41:40'),('772d6f0b32ffed60ae4ed3683c8b8819670bf40f0e28759336a87694727e355460b697fd1c437c07',6,1,'API Token','[]',0,'2023-08-20 01:57:08','2023-08-20 01:57:08','2024-08-20 01:57:08'),('778eea95121a6e095f7824817f965638a5300a9760282acdec4ed8e17d4dbfa0981c5bcb5d30f3ee',2,1,'API Token','[]',0,'2023-07-24 12:20:37','2023-07-24 12:20:37','2024-07-24 12:20:37'),('79b4cb0bf25dc8a890e56c8bb13065c4a362e9bf732081bea4299efe775e11828ef5af62829b5e2c',2,1,'API Token','[]',0,'2023-07-26 01:56:41','2023-07-26 01:56:41','2024-07-26 01:56:41'),('7af54e49a2b2362d08551ccd2b7bbf9f2380d33263e80b9cb8c868c040b8f7b55898373ba5e01d8c',15,1,'API Token','[]',0,'2023-08-19 18:39:10','2023-08-19 18:39:10','2024-08-19 18:39:10'),('7c42450b80878456d754ac21e04f09fc371c43a49c75ff3670bec4f148db45a466b15a1d3c93ccd1',6,1,'API Token','[]',0,'2023-08-19 17:37:26','2023-08-19 17:37:26','2024-08-19 17:37:26'),('7cec7707c61a506d10cd2e7746478780febf830c782667683fa1f45a0e4239a76ddef26bf0e1a4c0',2,1,'API Token','[]',0,'2023-07-25 16:37:43','2023-07-25 16:37:43','2024-07-25 16:37:43'),('7e715f16a27989a95b2f90f61652f6577e1740cbca0dae3a3c1e046a658852b22cdf94da4d424daf',11,1,'API Token','[]',0,'2023-08-23 00:52:02','2023-08-23 00:52:02','2024-08-23 00:52:02'),('81769de68736b66026d2232ae7d512e73e010e29323f2880838b8b9171e2aee832c266e6479a2ab8',6,1,'API Token','[]',0,'2023-09-12 16:34:07','2023-09-12 16:34:07','2024-09-12 16:34:07'),('81fcb5fbb20d76ce347c075f7dcfdf3afae9ef85855a69050e44503edd895f751f0153588cf1d7df',11,1,'API Token','[]',0,'2023-07-27 04:23:28','2023-07-27 04:23:28','2024-07-27 04:23:28'),('83ad31ce11c1ee79c3e1df521073260c0cb2c8b438b58d094400d3456bacc1f898233104726bfaed',6,1,'API Token','[]',0,'2023-10-06 07:24:06','2023-10-06 07:24:06','2024-10-06 07:24:06'),('84af27bc4d9829ab193dbef57175efc89a0ff7aea3495df2d2e7846b006e424578aaf2425980b4d5',6,1,'API Token','[]',0,'2023-08-22 17:44:51','2023-08-22 17:44:51','2024-08-22 17:44:51'),('84b71f23b30bbba342f667be5b4d5fd76501f82e502e2ba3cc20f7641840f1f1810443e659d71171',2,1,'API Token','[]',0,'2023-08-25 03:26:17','2023-08-25 03:26:17','2024-08-25 03:26:17'),('86238e6e69b42278a2275ab07003bd557194561ea2aef2f2d514bc51d08b6d5d748d5901ff5aaeea',6,1,'API Token','[]',0,'2023-08-22 17:59:47','2023-08-22 17:59:47','2024-08-22 17:59:47'),('87be6986658437b6ab10e4b3c5d1eccc99575ecef7be373da59cf3c7881c47163b308d9fa6bad825',11,1,'API Token','[]',0,'2023-07-27 17:42:09','2023-07-27 17:42:09','2024-07-27 17:42:09'),('87da0f8907a25d8707036d2b65971717f679c2ad7a432daf35a1b31c7613e8591506730c5f1662bb',8,1,'API Token','[]',0,'2023-08-05 16:52:46','2023-08-05 16:52:46','2024-08-05 16:52:46'),('888c62a80073b96fad67d5dffe324f96b672c6ac1953bbd77440871f56ff9d2b8072a64887717e3e',2,1,'API Token','[]',0,'2023-08-20 15:08:21','2023-08-20 15:08:21','2024-08-20 15:08:21'),('88e4a574a00c016a66fb6a8eb0a349240592033e988819933693af3d5827519365f827a3773bd6b1',2,1,'API Token','[]',0,'2023-09-13 07:04:55','2023-09-13 07:04:55','2024-09-13 07:04:55'),('8b65a7ad749b13f682a64ed4676a07fe819d8cac7ed64f057154ca32a7091844e80f53a7a636bbff',6,1,'API Token','[]',0,'2023-10-10 05:44:59','2023-10-10 05:44:59','2024-10-10 05:44:59'),('8ccd8dbdd7c47175d430eddd06c548448113f8b791c6efcf8010ac43b6102092b53e3a0e31a765ab',6,1,'API Token','[]',0,'2023-07-26 16:10:11','2023-07-26 16:10:11','2024-07-26 16:10:11'),('8f2784a7b740738bdabfa3ed6852de6f3264e23ce151d1b272a77629a087d138f88da16b33604edb',8,1,'API Token','[]',0,'2023-08-05 18:58:25','2023-08-05 18:58:25','2024-08-05 18:58:25'),('8fb9016468bae84aa2223c8f194bb9cd5bad925b70767a4ffc0a7dc6a56f6b91cb0231d72c47ba1f',2,1,'API Token','[]',0,'2023-07-26 17:18:51','2023-07-26 17:18:51','2024-07-26 17:18:51'),('8fd6afde15604101bf2b6bdff4a04c3e1ac05cc8fe21a8a73170eccb9e173ef6677fafd8c9524c82',5,1,'API Token','[]',0,'2023-07-26 01:51:47','2023-07-26 01:51:47','2024-07-26 01:51:47'),('900012271f2fb133cb50331a0ba1fa4c507b43c6f9f1bd3a1a47e5d26a999a8e68d019b2c197ab71',2,1,'API Token','[]',0,'2023-08-20 02:18:06','2023-08-20 02:18:06','2024-08-20 02:18:06'),('90a16d5c1c43cbfcdecc4ea8e9d6574c7fa169ab29840a3106728bf01f45f48207d2f2f6b0a7312a',6,1,'API Token','[]',0,'2023-07-26 16:09:10','2023-07-26 16:09:10','2024-07-26 16:09:10'),('90ccee9f8641cd94c96eaead90f1132bc0ae28f543bf6072b2b030b240724ca985744105164bdd0a',36,1,'API Token','[]',0,'2023-08-25 18:01:54','2023-08-25 18:01:54','2024-08-25 18:01:54'),('91a35d1311195f95c7e3b1c00436115db8e69f74ec9acbed8f0af0114e4ec2f9353426169c7d8e66',2,1,'API Token','[]',0,'2023-07-26 01:59:46','2023-07-26 01:59:46','2024-07-26 01:59:46'),('92c27abd229308dc624d823b998cb0f7a2828afe9bd5c8a8d19ed9fe79b90b51c90798632ee54cc2',21,1,'API Token','[]',0,'2023-08-20 01:56:39','2023-08-20 01:56:39','2024-08-20 01:56:39'),('94b0920a0b743b16c0f0ee99ab0ed8d79919f554f3503bcb2e5d563730fb4e071fe398304f6b727e',6,1,'API Token','[]',0,'2023-08-22 17:49:17','2023-08-22 17:49:17','2024-08-22 17:49:17'),('94fd5adac70b838277fa9273b2a86ee8d6625e7039517cd98d57314b1318a5e2ecba2706553d7938',2,1,'API Token','[]',0,'2023-08-22 03:06:14','2023-08-22 03:06:14','2024-08-22 03:06:14'),('9505610bd591fdb4d7ca398c98f10d6036f734286a74791fbb7284da21199261e7d832d451fcabfe',6,1,'API Token','[]',0,'2023-08-21 17:54:00','2023-08-21 17:54:00','2024-08-21 17:54:00'),('9889f3a1299dfd94d85027e3d18112bfc9dec6d5bffd03881e674d9f6457f1557f45e494bbfe9dc1',6,1,'API Token','[]',0,'2023-08-22 17:01:00','2023-08-22 17:01:00','2024-08-22 17:01:00'),('9894ebe17809e6929294483f77d3992335e4b2a41a8fc3e9b3b0fb7f3d0d30f2e927fb7e51b229f6',6,1,'API Token','[]',0,'2023-08-22 16:57:59','2023-08-22 16:57:59','2024-08-22 16:57:59'),('9a04a4db783d9df9530b4f7b7852fee7aa616b32a0f449c4292b5882c41ce8e80118af2420cd63b9',6,1,'API Token','[]',0,'2023-08-22 16:55:31','2023-08-22 16:55:31','2024-08-22 16:55:31'),('9a6014c5703cbcba355e6f782c829da698f10a73a23ed0e8e96dcdd980d80d6f4b02167b3f96698a',13,1,'API Token','[]',0,'2023-09-14 05:01:43','2023-09-14 05:01:43','2024-09-14 05:01:43'),('9aab64cfd1df0a86e6d3760b8c61c4502b3e6f5856bd3d6848480984848d6d3b5a160c8edef6d3c2',2,1,'API Token','[]',0,'2023-07-25 16:30:53','2023-07-25 16:30:53','2024-07-25 16:30:53'),('9b2aa125e22b1687c1559092f796609f56a84b83710bfc0693da34f373da10116afdcca6511421df',2,1,'API Token','[]',0,'2023-08-21 23:48:39','2023-08-21 23:48:39','2024-08-21 23:48:39'),('9c2b15129a90e19c5ce3175d10f88f72269495e7615ce5be125ef1dc45a0b9bda6e8a20e213f023e',6,1,'API Token','[]',0,'2023-08-19 19:52:03','2023-08-19 19:52:03','2024-08-19 19:52:03'),('9c8c25d032627b9700a0e9c9d12d57e36a913656cc3759d5e2d279875062b862e9f77fdf8a57a204',6,1,'API Token','[]',0,'2023-09-09 10:30:42','2023-09-09 10:30:42','2024-09-09 10:30:42'),('9ce92a03b06165a243ba350c0fc5d83323b1ee402179a75b89614d22a5285e9734de2a5f7ce18b7d',6,1,'API Token','[]',0,'2023-10-09 16:30:19','2023-10-09 16:30:19','2024-10-09 16:30:19'),('9cf7866e8e5d4e652581077c68bf0677932c1559a28911ebfb1b2a55aa95330b95647c2b80e1fcd6',6,1,'API Token','[]',0,'2023-08-22 17:13:16','2023-08-22 17:13:16','2024-08-22 17:13:16'),('9eedc38a6c9422f0d98d2ccc008f638d6621a4917123ad9a93b42624dc42a14302c800d14379957e',40,1,'API Token','[]',0,'2023-09-18 17:56:56','2023-09-18 17:56:56','2024-09-18 17:56:56'),('a0087211c2f75e3af04b4944ec69fbf02be333a3d3c10b9fca3d124b4a41e8e990d54e5e2dd66060',11,1,'API Token','[]',0,'2023-08-25 23:54:07','2023-08-25 23:54:07','2024-08-25 23:54:07'),('a0c347d0e5b015073b95efa06cf2b003e2322a261ffbfd8250bbd6ed500ffa2b4fa99108c6cf51ba',2,1,'API Token','[]',0,'2023-07-24 12:29:13','2023-07-24 12:29:13','2024-07-24 12:29:13'),('a2c4a064a6ae9d957662fd1b07d34dfedc5219649d891efbfd1349381d76d5533c3733031ba2b648',6,1,'API Token','[]',0,'2023-08-22 17:40:01','2023-08-22 17:40:01','2024-08-22 17:40:01'),('a3bc23803ca59abd058c51ac56f7bc5b0b967f328dd9a5dd4a5e29ea8d9ea4f992418fdfa6971a82',2,1,'API Token','[]',0,'2023-07-25 16:31:51','2023-07-25 16:31:51','2024-07-25 16:31:51'),('a8751abc984f388e97a6cf592af731cd84f0985de53742a712fb8006fbc9f2e77723e1c517ef8405',27,1,'API Token','[]',0,'2023-08-21 16:45:35','2023-08-21 16:45:35','2024-08-21 16:45:35'),('a8bd15fc1425c0cd9b5b4277a5657fcf6dd8a8e940a8cae429c1234e95ec43ff4dcaa42f78a9b6d3',2,1,'API Token','[]',0,'2023-08-23 00:51:15','2023-08-23 00:51:15','2024-08-23 00:51:15'),('a8f4de491327c600f0a41d522d47ab43ed4a2ee4660282bdea9bc4cfc1a4dda104f846ab756af576',6,1,'API Token','[]',0,'2023-07-26 16:11:06','2023-07-26 16:11:06','2024-07-26 16:11:06'),('a9cde7dceb4e84a59dbbfde06e48c5ba261895bacea982c376077405d2ddb784801ad4fb9eb29c36',8,1,'API Token','[]',0,'2023-07-26 16:22:02','2023-07-26 16:22:02','2024-07-26 16:22:02'),('a9e2eef5734ecde54010e9db37261d362a3ac321da2a3eca6bab0168eead8bc4986984b396d5d9e6',6,1,'API Token','[]',0,'2023-08-22 17:59:59','2023-08-22 17:59:59','2024-08-22 17:59:59'),('a9f047d88cd0f5f4f25b322ff8998f115635a963e0e00b91d50b7d910f610decf2c0207c2305a95e',24,1,'API Token','[]',0,'2023-08-20 02:16:34','2023-08-20 02:16:34','2024-08-20 02:16:34'),('aa675f6fd0393b9de7a7ae20d593a91ca47ee473f7178e07ed0252280b9e776ccb8d1a8428ec8824',2,1,'API Token','[]',0,'2023-08-20 02:18:35','2023-08-20 02:18:35','2024-08-20 02:18:35'),('aa87ac12704d64c0a52e657959138e9592486ede214a7196a3bc7f780ccbcad4e61939d7627cdf6c',2,1,'API Token','[]',0,'2023-09-13 17:03:06','2023-09-13 17:03:06','2024-09-13 17:03:06'),('ab0cc6d6a66342046c785619dd3d1bb2c254b336506de71cded782234d3a8e4ef323b57679a408ae',2,1,'API Token','[]',0,'2023-07-25 16:33:21','2023-07-25 16:33:21','2024-07-25 16:33:21'),('ab316e0662995a179aedd92b2458ce913cb26f751d46e66eb9dadc6cc7f6757fbe620e6a4f3de1e3',2,1,'API Token','[]',0,'2023-08-06 00:08:41','2023-08-06 00:08:41','2024-08-06 00:08:41'),('aee86c79f1bb458c77ef75b7e0be51d1bd3ea1764a5717617dbf34843565370222c0c59550bfc224',20,1,'API Token','[]',0,'2023-08-20 01:55:37','2023-08-20 01:55:37','2024-08-20 01:55:37'),('af491ee91161cc225e33c8aee21a626dcfbc4ddea9a06c08d01da5168b202f55daeaad4ce8e1da2b',6,1,'API Token','[]',0,'2023-08-19 19:24:31','2023-08-19 19:24:31','2024-08-19 19:24:31'),('afd59f5b6b680768ac9d625b5ac91f3814d4a43ebbaf018764451ad9e0659a4448995200f7979b9c',16,1,'API Token','[]',0,'2023-08-19 19:22:53','2023-08-19 19:22:53','2024-08-19 19:22:53'),('b0578b1161e9596cc91adc9bf298def3140eea49ffbaf6df278c02fefa3aa6d4db1b8b88a0a45f4a',31,1,'API Token','[]',0,'2023-08-22 17:39:54','2023-08-22 17:39:54','2024-08-22 17:39:54'),('b2e5fddd3ce0c9962c1fcf416e17afbac951e3a4abe357c957997b8f102bc49931408bebefff4af6',2,1,'API Token','[]',0,'2023-07-25 16:29:24','2023-07-25 16:29:24','2024-07-25 16:29:24'),('b4d3ae00bcc60f0fc9ebe0f4821a1ddbcbcb7729f597221aa62c270834e20db26fb64d3b4c26d1b0',13,1,'API Token','[]',0,'2023-07-28 16:23:55','2023-07-28 16:23:55','2024-07-28 16:23:55'),('b563d188a86aec0b9cc97f65bbbb2d0dc9f4fc90f0efd8980e7849955b488a155c03b1a3b12795b8',6,1,'API Token','[]',0,'2023-08-21 17:37:31','2023-08-21 17:37:31','2024-08-21 17:37:31'),('b6781fcc3aecc4bae5f089bebb2f8384d50a0570241ce1fd1febda591406dc41ea1b318b933c560e',2,1,'API Token','[]',0,'2023-07-25 16:31:26','2023-07-25 16:31:26','2024-07-25 16:31:26'),('b6d72b36e86cdacf2767ba8c2140d2653b774e9b8be9c840805d2cbcc7e160431cef8229614574a2',2,1,'API Token','[]',0,'2023-07-25 16:37:46','2023-07-25 16:37:46','2024-07-25 16:37:46'),('b6e2dcbdc8b0fc88ae93aa3f4399dac84d5d621596d4d0e2c027bdc17373d9203a5c4e137c9d4033',8,1,'API Token','[]',0,'2023-08-05 19:09:56','2023-08-05 19:09:56','2024-08-05 19:09:56'),('b7fb2b93ef8cbd7c071bbf4e744f292cf7ca758d787142dbf2e04c33a5aee75fed4b5e0be386a03c',9,1,'API Token','[]',0,'2023-07-26 16:52:36','2023-07-26 16:52:36','2024-07-26 16:52:36'),('b96fd904bc4f688142e2a0150ba14062caed5ad865cd9544aba5df3bcf212b5d710280a66e028f28',2,1,'API Token','[]',0,'2023-08-19 23:20:16','2023-08-19 23:20:16','2024-08-19 23:20:16'),('ba01337e451d8149538a7a635ca7506b55e812ff886b2f63200428e0fe35bd87c4a30565fbe4078c',2,1,'API Token','[]',0,'2023-07-25 16:35:35','2023-07-25 16:35:35','2024-07-25 16:35:35'),('baa74c28f6c564cac60128f5e03701e4d9c61cf4f39c839013ec622c0ab19a8441c5b11a87df11f1',6,1,'API Token','[]',0,'2023-07-26 16:12:01','2023-07-26 16:12:01','2024-07-26 16:12:01'),('bc0305c4566f855a44cf9be9d91ee562a08fb3f5468e39cb3dda6ed3fca70252472cc1c9563605af',11,1,'API Token','[]',0,'2023-08-06 00:10:20','2023-08-06 00:10:20','2024-08-06 00:10:20'),('bcc3d26f6f10099e96c88eac5417078d35b38f36f03bed43faba28c7504519dab080175293303ff2',2,1,'API Token','[]',0,'2023-08-19 23:13:27','2023-08-19 23:13:27','2024-08-19 23:13:27'),('bf23d18229288f229dc87971fab487e0f210771fc0c802d326e347324d837021fa644c368a903b17',6,1,'API Token','[]',0,'2023-08-22 17:15:52','2023-08-22 17:15:52','2024-08-22 17:15:52'),('c0c4f738092d93ef9474c8916960c0670219185d86f94d516f59ab71ec7963ed6ad8fd8f1706c0e1',2,1,'API Token','[]',0,'2023-07-24 12:28:23','2023-07-24 12:28:23','2024-07-24 12:28:23'),('c0c8fc27377e6cf1759a6d814a3e5f6a5c12c4e11465c03158e73d827a7c58dc12d33690b45ad7cb',9,1,'API Token','[]',0,'2023-08-19 17:29:01','2023-08-19 17:29:01','2024-08-19 17:29:01'),('c17d1f5f9f54a57c88df689e9c4f6333cee628ff41d1b8ec10f8bc38250853fde46ec2a447aabd79',2,1,'API Token','[]',0,'2023-08-20 02:19:20','2023-08-20 02:19:20','2024-08-20 02:19:20'),('c229c7456b450a6b4b33d5210b6981762ae936f173000c287e05f5b5eb2858c4b6a456bffddc831f',36,1,'API Token','[]',0,'2023-08-22 17:19:58','2023-08-22 17:19:58','2024-08-22 17:19:58'),('c3aa4ba6d04ef2da1a73ce98992ccaf39a65a413f6813c7fca719623348503e703d8fe97ef9bf001',6,1,'API Token','[]',0,'2023-07-25 16:27:44','2023-07-25 16:27:44','2024-07-25 16:27:44'),('c3dd8660a55ce78b4de9e92329e38677693196a976ad739ba5db1f30206902c44f05cd69f265ff3d',39,1,'API Token','[]',0,'2023-09-10 08:32:39','2023-09-10 08:32:39','2024-09-10 08:32:39'),('c3de342b0ab5d436c047192274f4f6e4283da38f05dd5e3c3859fe469f3788b2ddc25d901e993cf5',6,1,'API Token','[]',0,'2023-08-21 17:44:23','2023-08-21 17:44:23','2024-08-21 17:44:23'),('c3ff55eaee8f5e1ed6596b1d378624feaafccaa8798c2e6c0977c4aac23c5d351fcd4f662a0ac659',8,1,'API Token','[]',0,'2023-07-26 16:22:24','2023-07-26 16:22:24','2024-07-26 16:22:24'),('c4c0de48c252808d458b350afbc682465a9e9604eb88c98e85bcd814ea25d34bade10aaa9662559e',6,1,'API Token','[]',0,'2023-10-12 18:44:40','2023-10-12 18:44:40','2024-10-12 18:44:40'),('c67debfc34f6e388e2fd6c15dba410e0889d23a872ff2564fa4c3264109eeb7ea818abdfb27f8c29',2,1,'API Token','[]',0,'2023-08-20 02:16:33','2023-08-20 02:16:33','2024-08-20 02:16:33'),('c6fdcf6866c4b0b2e2132be8134e0341996ebb1b6653f254b067c839b6a96702facb96b0e71ddb58',6,1,'API Token','[]',0,'2023-07-26 16:16:51','2023-07-26 16:16:51','2024-07-26 16:16:51'),('c72229d4351b6a3d1d37dd794fcc9c13268b76d244a17c69b1d2b3d7e6e7f2598d0b5643838840f8',6,1,'API Token','[]',0,'2023-08-22 17:42:46','2023-08-22 17:42:46','2024-08-22 17:42:46'),('c735e3251ff1397946ef4ac01eb5dbab5ca6389d75a0fbc7767f3dabb200cec054f3658772909596',6,1,'API Token','[]',0,'2023-08-25 18:01:33','2023-08-25 18:01:33','2024-08-25 18:01:33'),('c91683be64266624cbc75ede3a9a38af5cc0a73ab5b466d7820451c9ccf3c184f3693fc9803cad2a',2,1,'API Token','[]',0,'2023-07-26 16:10:54','2023-07-26 16:10:54','2024-07-26 16:10:54'),('cce1562ac70098a68614c537f3c0f1676f101d5defdb0fc13238ded7e46ed5dd346c10380e204b54',2,1,'API Token','[]',0,'2023-08-26 00:02:59','2023-08-26 00:02:59','2024-08-26 00:02:59'),('ce69eac606e7790267435e2d88a3fb5caef488b07fdbfb21035109b1bbface2e60c8ec796412a058',2,1,'API Token','[]',0,'2023-07-26 14:08:56','2023-07-26 14:08:56','2024-07-26 14:08:56'),('ce95f5fc4c87d971ab473d4a804cd7bc65202f35aea6c6ace98b59145ac4f6316178110333435e3d',6,1,'API Token','[]',0,'2023-08-21 17:33:26','2023-08-21 17:33:26','2024-08-21 17:33:26'),('d0d2de29ea8c49631902c31340bdead54f42d21156dd59d0efcdc799894b58f202f02463579f2fc1',6,1,'API Token','[]',0,'2023-08-21 17:48:33','2023-08-21 17:48:33','2024-08-21 17:48:33'),('d12606a321b154dbc811f8850360c53338e854cb96fe5b9b4a9e1df3a2e1ba1da3dc6ade87b455af',11,1,'API Token','[]',0,'2023-08-19 23:10:40','2023-08-19 23:10:40','2024-08-19 23:10:40'),('d41899f0e3581a03f7f422d3cb074315caa0eaf1796c3682f89e682f4123f5c0001d088ae8414e19',2,1,'API Token','[]',0,'2023-07-26 01:55:34','2023-07-26 01:55:34','2024-07-26 01:55:34'),('d5cd8234a5486d75794d64e3866cb5708f6fc1a8667511c4a894508b552d0a966cd5c2a0b80fef29',2,1,'API Token','[]',0,'2023-08-25 03:26:37','2023-08-25 03:26:37','2024-08-25 03:26:37'),('d65da2f795973449355601ea5db348bfa39e72c598376ccd0dbda47f1be4817b5e55b4b0c1f31cdd',25,1,'API Token','[]',0,'2023-08-20 02:21:19','2023-08-20 02:21:19','2024-08-20 02:21:19'),('d79ff0008acdc3e1a72d8d764f56a7508854644cc4cc2a68168f60be807c11f65577843949d6478e',19,1,'API Token','[]',0,'2023-08-20 01:55:31','2023-08-20 01:55:31','2024-08-20 01:55:31'),('d7dc9d8e4dd3b262dcade0d94f3bc3789522c85cc0aa8ed791a2e17ccd3ddf013475560c899437a7',17,1,'API Token','[]',0,'2023-08-19 19:43:03','2023-08-19 19:43:03','2024-08-19 19:43:03'),('d92d4405bacf9a2ee3e7ef1ee6bc3b9260c4f574b12dcb123ecd2d0536880f653ebc126639202332',2,1,'API Token','[]',0,'2023-08-20 15:07:37','2023-08-20 15:07:37','2024-08-20 15:07:37'),('d95a2d784c03dd39678afef5a4355e0774209a3c48569481ae23940a33cbb5a45b964e76bb0cffaa',35,1,'API Token','[]',0,'2023-08-22 17:00:54','2023-08-22 17:00:54','2024-08-22 17:00:54'),('dc6b322ed0ba9be309a2a01eef457080921eb92e80069e0a2c25ccd2ba0945950c99e3075666eef6',5,1,'API Token','[]',0,'2023-07-24 12:28:48','2023-07-24 12:28:48','2024-07-24 12:28:48'),('dc9ef5c1b89a296785e754935f3cc82237378da3888bb924e543f5489ff87ca43fee06510a573873',5,1,'API Token','[]',0,'2023-07-26 01:55:26','2023-07-26 01:55:26','2024-07-26 01:55:26'),('dcf1dbb45caef87762ec75922d3e8e4cd14b4515dbd8ffd3556e07c54faced4ff305e4ef9046dd54',6,1,'API Token','[]',0,'2023-08-22 17:20:42','2023-08-22 17:20:42','2024-08-22 17:20:42'),('ddb4f986c9382e26eb17ac22e21c8a96ba3ac70be03abda5fc15abadf144b546f307dd2a4b3f5d2f',17,1,'API Token','[]',0,'2023-08-19 19:42:57','2023-08-19 19:42:57','2024-08-19 19:42:57'),('dde77a82a1d2b6f20e44cc56c0f1099910d9da91ebc28a2c0fc724bcbf0be9e344bfaaeafb31ced7',6,1,'API Token','[]',0,'2023-08-22 17:42:22','2023-08-22 17:42:22','2024-08-22 17:42:22'),('dff1322d9f14022ca8e5f1f1fdc226e8ae30865d57a1901375335a31869981880de0e04876603bf5',6,1,'API Token','[]',0,'2023-08-22 17:41:45','2023-08-22 17:41:45','2024-08-22 17:41:45'),('e0152bca31acba83b33d1f5360308dd7b546d19f65fff68ec4f64bd51adaf262de3e41a1461022af',6,1,'API Token','[]',0,'2023-08-21 17:39:18','2023-08-21 17:39:18','2024-08-21 17:39:18'),('e107fe78fffc5161f6f2a5113056745f440a193ed6cba364f9c565f03b3b1c166cc2a6a32837edad',2,1,'API Token','[]',0,'2023-07-25 16:38:28','2023-07-25 16:38:28','2024-07-25 16:38:28'),('e4f339557f41b325d2a1a1a89b38b12cc94f2488779d369280021436f8091ec02049b833b4573d10',6,1,'API Token','[]',0,'2023-08-20 02:14:40','2023-08-20 02:14:40','2024-08-20 02:14:40'),('e5b1f44ababa59fb168a650dbafb0b71eaa2a9b123d908cc2720e7da86d158499c657d1cee787125',6,1,'API Token','[]',0,'2023-08-22 17:36:38','2023-08-22 17:36:38','2024-08-22 17:36:38'),('e655b3c37ba5033e258c291e36348754d1712173cd3c6ccf5e55f1373be2325319f166d0cdde5cb8',12,1,'API Token','[]',0,'2023-07-27 17:26:55','2023-07-27 17:26:55','2024-07-27 17:26:55'),('e6ff2c502869a1b8877ca291e7c8470caf82b1eec899257c2b2b1c99d3ecfc1a62468ca3add19914',6,1,'API Token','[]',0,'2023-08-25 18:01:22','2023-08-25 18:01:22','2024-08-25 18:01:22'),('e79ce583965b3638fbf525cc4e78c7470ae184a026e316e8ecf1a4218f259512090f9d2410ae5944',2,1,'API Token','[]',0,'2023-08-20 02:28:37','2023-08-20 02:28:37','2024-08-20 02:28:37'),('e81abc0084f970aa1594ad9608cf6fe3787a07850b962cd5286694d59dcf68b036b4f01077d26e4f',2,1,'API Token','[]',0,'2023-08-25 23:54:24','2023-08-25 23:54:24','2024-08-25 23:54:24'),('e9056a675856f7469acdf88e8a16c715def46a02ff3494077f634ab4b3c18ab466bf466a27bbbc24',2,1,'API Token','[]',0,'2023-08-20 02:19:37','2023-08-20 02:19:37','2024-08-20 02:19:37'),('e9205b665794fc4e06b672c7706fcb9f7f6a384f0e36787453b57619814f7d6f57658478b6db4509',6,1,'API Token','[]',0,'2023-08-19 18:17:25','2023-08-19 18:17:25','2024-08-19 18:17:25'),('e9359ddbedeb3750099c8fe9a2dc085fac5dcb666219d32f149cfc899bcecf2a8eff6685576bfbc7',6,1,'API Token','[]',0,'2023-07-25 16:26:12','2023-07-25 16:26:12','2024-07-25 16:26:12'),('ea29c8ce9dc08abda28d8240e79e0a5a54603dcd3290a05b6997d9f0cfbeeaff530d4c4f8d85108c',38,1,'API Token','[]',0,'2023-08-22 17:42:05','2023-08-22 17:42:05','2024-08-22 17:42:05'),('ed4a9fea70906d742146a5632ac5b933e9b6c7c31c00575788025edbc06ba0b49fd0fd2b331871ff',2,1,'API Token','[]',0,'2023-09-11 17:42:03','2023-09-11 17:42:03','2024-09-11 17:42:03'),('ed5d9bf706cf4ae68e3a1bf54925ca755d80c8f2387971ae5756bc716b675966813b729ed5d1c116',2,1,'API Token','[]',0,'2023-08-25 23:54:45','2023-08-25 23:54:45','2024-08-25 23:54:45'),('edf80c52d1cbbe12e12f2af638737f23c7b2b324ebbd97e93ad175436fb07003190553359407091c',6,1,'API Token','[]',0,'2023-08-19 17:22:01','2023-08-19 17:22:01','2024-08-19 17:22:01'),('f03c16ac1f18145aa1a85b3ab1f01acdb5282bea8fd14630c9da01e63b55dafb3152cc0d18a298ab',11,1,'API Token','[]',0,'2023-08-25 23:54:13','2023-08-25 23:54:13','2024-08-25 23:54:13'),('f07dcb65fc1feaae177009d320433516dfcf24072b9813905d58066d2bfb6693e4084aa10cbc27bd',2,1,'API Token','[]',0,'2023-07-23 07:05:47','2023-07-23 07:05:47','2024-07-23 07:05:47'),('f0857df40c868b59ee2f9440276260e29564554c405b04bd8ab9fc715387a9bbd9b13eeea263adbb',6,1,'API Token','[]',0,'2023-07-26 17:13:28','2023-07-26 17:13:28','2024-07-26 17:13:28'),('f09b7d3f289ee839e36e3067f6f80d1eeb2c91fcb9c6ae886db98986274fc3ffd095a7f62f7a9590',6,1,'API Token','[]',0,'2023-08-22 17:17:03','2023-08-22 17:17:03','2024-08-22 17:17:03'),('f153940d5baf10cbfbbf4b86515bae0d0baafbf7e928b2807078352a9c6b1035a62edd800db7dff5',6,1,'API Token','[]',0,'2023-07-26 15:28:02','2023-07-26 15:28:02','2024-07-26 15:28:02'),('f2d2da47cfb2519f5b80fcaf3bf2d746a3c3e28787dc9adfad25a5f32114290299b5099077032158',6,1,'API Token','[]',0,'2023-08-21 17:46:19','2023-08-21 17:46:19','2024-08-21 17:46:19'),('f4fb175d6d3e8538db5df288f3c7fba3fa1d1051cc19231c1557684423a5cbe96484055e2c5ddc2c',34,1,'API Token','[]',0,'2023-08-22 16:57:14','2023-08-22 16:57:14','2024-08-22 16:57:14'),('f69db851e310d71db5681e27a6ef3d136713ce647de4c4fd852f9646aa76c95191a93f2c1cfef5f8',21,1,'API Token','[]',0,'2023-08-20 01:56:07','2023-08-20 01:56:07','2024-08-20 01:56:07'),('f6d4fd45af14e3b93de281327a67e926115d3a8fdab477eeafa953b92a8d28c4d89c11cb3a2d937c',29,1,'API Token','[]',0,'2023-08-21 16:52:39','2023-08-21 16:52:39','2024-08-21 16:52:39'),('f76af3a05a2b6706f241ec630ba8e378d3a71157576794d441d1f354bb0ec3d54fad4d000b52af3c',11,1,'API Token','[]',0,'2023-08-06 00:08:21','2023-08-06 00:08:21','2024-08-06 00:08:21'),('f8551bfb55ec6cf850e9bac380a4b853733779ff4f994136fb19c7a92521f56a729e27493ff65a91',30,1,'API Token','[]',0,'2023-08-21 16:54:41','2023-08-21 16:54:41','2024-08-21 16:54:41'),('f9197efa0b80d221f08a8562bbee189de5ce2a413065aaaff6859d15f3bd7e7b983e7c8174a760c9',31,1,'API Token','[]',0,'2023-08-21 17:32:49','2023-08-21 17:32:49','2024-08-21 17:32:49'),('fa36a7b5a7b790214b36bf8b3262cb448ea5abd823d61f1f033aa2e1e3a9570b4a0fc6a6e1926087',6,1,'API Token','[]',0,'2023-07-26 17:18:08','2023-07-26 17:18:08','2024-07-26 17:18:08'),('fa70b2061e8788006b4b57277f290ef04f26c18c750699fedce2ff9ab9b262c95b034f75ecf4fb4c',6,1,'API Token','[]',0,'2023-08-20 02:11:42','2023-08-20 02:11:42','2024-08-20 02:11:42'),('faf855d65a3b8b4aa77c94eea1009dfc432561de6d576ce3990db89e239272227eca52b3ed608d6e',6,1,'API Token','[]',0,'2023-08-22 16:58:11','2023-08-22 16:58:11','2024-08-22 16:58:11'),('fcb15e1fbc2cca7cccb8c2fe4cdfd49cce0b19ca81c0280fdc82ff9aea4e6d758d57f7c61b8a8b74',6,1,'API Token','[]',0,'2023-08-22 16:59:03','2023-08-22 16:59:03','2024-08-22 16:59:03'),('fce4b7b7251a34143e839e52f7af53e93a530f014309dcd288c9cb8920817ee3ae5d3c85ea5a628b',2,1,'API Token','[]',0,'2023-10-15 14:54:24','2023-10-15 14:54:24','2024-10-15 14:54:24'),('fd3863c7f3ff26844b891bd8560032cc66ef74191dd1e72dced1db6782240912b0128606708b039a',6,1,'API Token','[]',0,'2023-07-25 16:41:56','2023-07-25 16:41:56','2024-07-25 16:41:56');
/*!40000 ALTER TABLE `oauth_access_tokens` ENABLE KEYS */;
UNLOCK TABLES;

--
-- Table structure for table `oauth_auth_codes`
--

DROP TABLE IF EXISTS `oauth_auth_codes`;
/*!40101 SET @saved_cs_client     = @@character_set_client */;
/*!40101 SET character_set_client = utf8 */;
CREATE TABLE `oauth_auth_codes` (
  `id` varchar(100) NOT NULL,
  `user_id` bigint(20) unsigned NOT NULL,
  `client_id` bigint(20) unsigned NOT NULL,
  `scopes` text DEFAULT NULL,
  `revoked` tinyint(1) NOT NULL,
  `expires_at` datetime DEFAULT NULL,
  PRIMARY KEY (`id`),
  KEY `oauth_auth_codes_user_id_index` (`user_id`)
) ENGINE=InnoDB DEFAULT CHARSET=utf8mb4 COLLATE=utf8mb4_unicode_ci;
/*!40101 SET character_set_client = @saved_cs_client */;

--
-- Dumping data for table `oauth_auth_codes`
--

LOCK TABLES `oauth_auth_codes` WRITE;
/*!40000 ALTER TABLE `oauth_auth_codes` DISABLE KEYS */;
/*!40000 ALTER TABLE `oauth_auth_codes` ENABLE KEYS */;
UNLOCK TABLES;

--
-- Table structure for table `oauth_clients`
--

DROP TABLE IF EXISTS `oauth_clients`;
/*!40101 SET @saved_cs_client     = @@character_set_client */;
/*!40101 SET character_set_client = utf8 */;
CREATE TABLE `oauth_clients` (
  `id` bigint(20) unsigned NOT NULL AUTO_INCREMENT,
  `user_id` bigint(20) unsigned DEFAULT NULL,
  `name` varchar(255) NOT NULL,
  `secret` varchar(100) DEFAULT NULL,
  `provider` varchar(255) DEFAULT NULL,
  `redirect` text NOT NULL,
  `personal_access_client` tinyint(1) NOT NULL,
  `password_client` tinyint(1) NOT NULL,
  `revoked` tinyint(1) NOT NULL,
  `created_at` timestamp NULL DEFAULT NULL,
  `updated_at` timestamp NULL DEFAULT NULL,
  PRIMARY KEY (`id`),
  KEY `oauth_clients_user_id_index` (`user_id`)
) ENGINE=InnoDB AUTO_INCREMENT=3 DEFAULT CHARSET=utf8mb4 COLLATE=utf8mb4_unicode_ci;
/*!40101 SET character_set_client = @saved_cs_client */;

--
-- Dumping data for table `oauth_clients`
--

LOCK TABLES `oauth_clients` WRITE;
/*!40000 ALTER TABLE `oauth_clients` DISABLE KEYS */;
INSERT INTO `oauth_clients` VALUES (1,NULL,'EPW Personal Access Client','GCgEzW0MU0wbutksTGgSUDJr5hUlhXUrgnXbUmJM',NULL,'http://localhost',1,0,0,'2023-07-23 07:05:43','2023-07-23 07:05:43'),(2,NULL,'EPW Password Grant Client','mn7k101rrxciBoQHQuORk6WZ4kvhHubEsvW9Z8uM','users','http://localhost',0,1,0,'2023-07-23 07:05:43','2023-07-23 07:05:43');
/*!40000 ALTER TABLE `oauth_clients` ENABLE KEYS */;
UNLOCK TABLES;

--
-- Table structure for table `oauth_personal_access_clients`
--

DROP TABLE IF EXISTS `oauth_personal_access_clients`;
/*!40101 SET @saved_cs_client     = @@character_set_client */;
/*!40101 SET character_set_client = utf8 */;
CREATE TABLE `oauth_personal_access_clients` (
  `id` bigint(20) unsigned NOT NULL AUTO_INCREMENT,
  `client_id` bigint(20) unsigned NOT NULL,
  `created_at` timestamp NULL DEFAULT NULL,
  `updated_at` timestamp NULL DEFAULT NULL,
  PRIMARY KEY (`id`)
) ENGINE=InnoDB AUTO_INCREMENT=2 DEFAULT CHARSET=utf8mb4 COLLATE=utf8mb4_unicode_ci;
/*!40101 SET character_set_client = @saved_cs_client */;

--
-- Dumping data for table `oauth_personal_access_clients`
--

LOCK TABLES `oauth_personal_access_clients` WRITE;
/*!40000 ALTER TABLE `oauth_personal_access_clients` DISABLE KEYS */;
INSERT INTO `oauth_personal_access_clients` VALUES (1,1,'2023-07-23 07:05:43','2023-07-23 07:05:43');
/*!40000 ALTER TABLE `oauth_personal_access_clients` ENABLE KEYS */;
UNLOCK TABLES;

--
-- Table structure for table `oauth_refresh_tokens`
--

DROP TABLE IF EXISTS `oauth_refresh_tokens`;
/*!40101 SET @saved_cs_client     = @@character_set_client */;
/*!40101 SET character_set_client = utf8 */;
CREATE TABLE `oauth_refresh_tokens` (
  `id` varchar(100) NOT NULL,
  `access_token_id` varchar(100) NOT NULL,
  `revoked` tinyint(1) NOT NULL,
  `expires_at` datetime DEFAULT NULL,
  PRIMARY KEY (`id`),
  KEY `oauth_refresh_tokens_access_token_id_index` (`access_token_id`)
) ENGINE=InnoDB DEFAULT CHARSET=utf8mb4 COLLATE=utf8mb4_unicode_ci;
/*!40101 SET character_set_client = @saved_cs_client */;

--
-- Dumping data for table `oauth_refresh_tokens`
--

LOCK TABLES `oauth_refresh_tokens` WRITE;
/*!40000 ALTER TABLE `oauth_refresh_tokens` DISABLE KEYS */;
/*!40000 ALTER TABLE `oauth_refresh_tokens` ENABLE KEYS */;
UNLOCK TABLES;

--
-- Table structure for table `password_resets`
--

DROP TABLE IF EXISTS `password_resets`;
/*!40101 SET @saved_cs_client     = @@character_set_client */;
/*!40101 SET character_set_client = utf8 */;
CREATE TABLE `password_resets` (
  `email` varchar(255) NOT NULL,
  `token` varchar(255) NOT NULL,
  `created_at` timestamp NULL DEFAULT NULL,
  KEY `password_resets_email_index` (`email`)
) ENGINE=InnoDB DEFAULT CHARSET=utf8mb4 COLLATE=utf8mb4_unicode_ci;
/*!40101 SET character_set_client = @saved_cs_client */;

--
-- Dumping data for table `password_resets`
--

LOCK TABLES `password_resets` WRITE;
/*!40000 ALTER TABLE `password_resets` DISABLE KEYS */;
/*!40000 ALTER TABLE `password_resets` ENABLE KEYS */;
UNLOCK TABLES;

--
-- Table structure for table `questions`
--

DROP TABLE IF EXISTS `questions`;
/*!40101 SET @saved_cs_client     = @@character_set_client */;
/*!40101 SET character_set_client = utf8 */;
CREATE TABLE `questions` (
  `id` bigint(20) unsigned NOT NULL AUTO_INCREMENT,
  `uuid` char(36) NOT NULL,
  `type` varchar(100) NOT NULL COMMENT 'fill_up,choose_one,match_following,one_word,true_false',
  `question` text NOT NULL,
  `options` longtext CHARACTER SET utf8mb4 COLLATE utf8mb4_bin DEFAULT NULL CHECK (json_valid(`options`)),
  `answer` varchar(300) NOT NULL,
  `question_tamil` text DEFAULT NULL,
  `options_tamil` longtext CHARACTER SET utf8mb4 COLLATE utf8mb4_bin DEFAULT NULL CHECK (json_valid(`options_tamil`)),
  `answer_tamil` varchar(255) DEFAULT NULL,
  `status` tinyint(1) NOT NULL DEFAULT 1 COMMENT '0->Inactive,1->active',
  `created_at` timestamp NULL DEFAULT NULL,
  `updated_at` timestamp NULL DEFAULT NULL,
  PRIMARY KEY (`id`)
) ENGINE=InnoDB AUTO_INCREMENT=61 DEFAULT CHARSET=utf8mb4 COLLATE=utf8mb4_unicode_ci;
/*!40101 SET character_set_client = @saved_cs_client */;

--
-- Dumping data for table `questions`
--

LOCK TABLES `questions` WRITE;
/*!40000 ALTER TABLE `questions` DISABLE KEYS */;
INSERT INTO `questions` VALUES (1,'b91ee1e2-ff12-3359-96b7-cfc44587099c','1','The study of algae is called','{\"A\":\"Virology\",\"B\":\"Phycology\",\"C\":\"Bryology\",\"D\":\"Mycology\"}','Phycology','    ------------  ','{\"A\":\"\\u0bb5\\u0bc8\\u0bb0\\u0bbe\\u0bb2\\u0b9c\\u0bbf\",\"B\":\"\\u0b86\\u0bb2\\u0bcd\\u0b95\\u0bbe\\u0bb2\\u0b9c\\u0bbf\",\"C\":\"\\u0baa\\u0bbf\\u0bb0\\u0bc8\\u0bb2\\u0b9c\\u0bbf\",\"D\":\"\\u0bae\\u0bc8\\u0b95\\u0bbe\\u0bb2\\u0b9c\\u0bbf\"}','',1,'2023-10-10 09:53:34','2023-10-10 09:53:34'),(2,'ee5cd37e-0f05-3681-9847-5a915c7083ae','1','Plant body of algae is called ------','{\"A\":\"Thallus\",\"B\":\"Hyphae\",\"C\":\"Mycelia\",\"D\":\"Filament\"}','Thallus','   ----------  ','{\"A\":\"\\u0ba4\\u0bbe\\u0bb2\\u0bb8\\u0bcd\",\"B\":\"\\u0bb9\\u0bc8\\u0b83\\u0baa\\u0bc7\",\"C\":\"\\u0bae\\u0bc8\\u0b9a\\u0bc0\\u0bb2\\u0bbf\\u0baf\\u0bbe\",\"D\":\"\\u0baa\\u0bbe\\u0b9a\\u0bbf\"}','',1,'2023-10-10 09:53:34','2023-10-10 09:53:34'),(3,'b1f2d8d5-fac5-3591-8378-45c237203fce','1','The system of naming the plants on a scientific basis is known as','{\"A\":\"Botanical Nomenclature\",\"B\":\"Binomial Nomenclature\",\"C\":\"Systematic Nomenclature\",\"D\":\"Classification\"}','Binomial Nomenclature','   ----------------   ','{\"A\":\"\\u0ba4\\u0bbe\\u0bb5\\u0bb0\\u0bb5\\u0bbf\\u0baf\\u0bb2\\u0bcd \\u0baa\\u0bc6\\u0baf\\u0bb0\\u0bbf\\u0b9f\\u0bb2\\u0bcd\",\"B\":\"\\u0baa\\u0bc8\\u0ba9\\u0bcb\\u0bae\\u0bbf\\u0baf\\u0bb2\\u0bcd \\u0baa\\u0bc6\\u0baf\\u0bb0\\u0bbf\\u0b9f\\u0bb2\\u0bcd \",\"C\":\"\\u0bae\\u0bc1\\u0bb1\\u0bc8\\u0baf\\u0bbe\\u0ba9 \\u0baa\\u0bc6\\u0baf\\u0bb0\\u0bbf\\u0b9f\\u0bb2\\u0bcd\",\"D\":\"\\u0baa\\u0bc6\\u0baf\\u0bb0\\u0bbf\\u0b9f\\u0bb2\\u0bcd\"}',' ',1,'2023-10-10 09:53:34','2023-10-10 09:53:34'),(4,'a37e4bdf-fa69-352b-be27-ac8104142b42','1','Binomial name was first introduced by Gaspard Bauhin in the year ----','{\"A\":\"1620\",\"B\":\"1623\",\"C\":\"1625\",\"D\":\"1624\"}','1623','      -----   ','{\"A\":\"1620\",\"B\":\"1623\",\"C\":\"1625\",\"D\":\"1624\"}','1623',1,'2023-10-10 09:53:34','2023-10-10 09:53:34'),(5,'c57a8275-66a3-3cec-be9a-e40156f4679e','1','ICBN expand ----','{\"A\":\"International Code of Botanical Nomenclature\",\"B\":\"International Code of Binomial Nomenclature\",\"C\":\"International Code of Business Nomenclature\",\"D\":\"Indian code of Binomial Nomenclature\"}','International Code of Binomial Nomenclature','ICBN  ----','{\"A\":\"\\u0ba4\\u0bbe\\u0bb5\\u0bb0\\u0bb5\\u0bbf\\u0baf\\u0bb2\\u0bcd \\u0baa\\u0bc6\\u0baf\\u0bb0\\u0bbf\\u0b9f\\u0bb2\\u0bbf\\u0ba9\\u0bcd \\u0b9a\\u0bb0\\u0bcd\\u0bb5\\u0ba4\\u0bc7\\u0b9a \\u0b95\\u0bc1\\u0bb1\\u0bbf\\u0baf\\u0bc0\\u0b9f\\u0bc1\",\"B\":\"\\u0baa\\u0bc8\\u0ba9\\u0bcb\\u0bae\\u0bbf\\u0baf\\u0bb2\\u0bcd \\u0baa\\u0bc6\\u0baf\\u0bb0\\u0bbf\\u0b9f\\u0bb2\\u0bcd \\u0b9a\\u0bb0\\u0bcd\\u0bb5\\u0ba4\\u0bc7\\u0b9a \\u0b95\\u0bc1\\u0bb1\\u0bbf\\u0baf\\u0bc0\\u0b9f\\u0bc1. \",\"C\":\"\\u0b9a\\u0bb0\\u0bcd\\u0bb5\\u0ba4\\u0bc7\\u0b9a \\u0bb5\\u0ba3\\u0bbf\\u0b95\\u0b95\\u0bcd \\u0b95\\u0bc1\\u0bb1\\u0bbf\\u0baf\\u0bc0\\u0b9f\\u0bc1.\",\"D\":\"\\u0b9a\\u0bb0\\u0bcd\\u0bb5\\u0ba4\\u0bc7\\u0b9a \\u0bb5\\u0ba3\\u0bbf\\u0b95\\u0b95\\u0bcd \\u0ba4\\u0bbe\\u0bb5\\u0bb0\\u0bb5\\u0bbf\\u0baf\\u0bb2\\u0bcd \\u0b95\\u0bc1\\u0bb1\\u0bbf\\u0baf\\u0bc0\\u0b9f\\u0bc1.\"}','   .',1,'2023-10-10 09:53:34','2023-10-10 09:53:34'),(6,'b72ab56d-aa77-36fd-9233-311d7d5d75b8','1','The binomial name of mango is Mangifera indica. Here the first word Mangifera refers to the -------------- name','{\"A\":\"Species\",\"B\":\"Genus\",\"C\":\"Generic\",\"D\":\"Specific\"}','Genus','     .     ---------------  ','{\"A\":\"\\u0b87\\u0ba9\\u0b99\\u0bcd\\u0b95\\u0bb3\\u0bcd\",\"B\":\"\\u0b9c\\u0bc6\\u0ba9\\u0bb8\\u0bcd\",\"C\":\"\\u0baa\\u0bc6\\u0bbe\\u0ba4\\u0bc1\\u0bb5\\u0bbe\\u0ba9\",\"D\":\"\\u0b85\\u0b9a\\u0bbe\\u0ba4\\u0bbe\\u0bb0\\u0ba3\\u0bae\\u0bbe\\u0ba9\"}','',1,'2023-10-10 09:53:34','2023-10-10 09:53:34'),(7,'da207b42-ee4c-379c-b4ae-f9274d5055b6','1','Penicillin antibiotic is obtained from','{\"A\":\"Algae\",\"B\":\"Fungi\",\"C\":\"Pteridophytes\",\"D\":\"Bryophytes\"}','Fungi','  ---------------  ','{\"A\":\"\\u0baa\\u0bbe\\u0b9a\\u0bbf\",\"B\":\"\\u0baa\\u0bc2\\u0b9e\\u0bcd\\u0b9a\\u0bc8\",\"C\":\"\\u0bb8\\u0bcd\\u0b9f\\u0bc6\\u0bb0\\u0bbf\\u0b9f\\u0bcb\\u0b83\\u0baa\\u0bc8\\u0b9f\\u0bcd\\u0bb8\\u0bcd\",\"D\":\"\\u0baa\\u0bbf\\u0bb3\\u0bbe\\u0bb8\\u0bcd\\u0bae\\u0bbe\"}','',1,'2023-10-10 09:53:34','2023-10-10 09:53:34'),(8,'c323481c-88e3-3b4e-aa87-62f94398524f','1','Ephedrine cures ----','{\"A\":\"Allergy\",\"B\":\"Asthma\",\"C\":\"Skin disease\",\"D\":\"Ring worm\"}','Asthma',' ------------- ','{\"A\":\"\\u0b92\\u0bb5\\u0bcd\\u0bb5\\u0bbe\\u0bae\\u0bc8\",\"B\":\"\\u0b86\\u0bb8\\u0bcd\\u0ba4\\u0bc1\\u0bae\\u0bbe\",\"C\":\"\\u0ba4\\u0bcb\\u0bb2\\u0bcd \\u0ba8\\u0bcb\\u0baf\\u0bcd\",\"D\":\"\\u0bae\\u0b9e\\u0bcd\\u0b9a\\u0bb3\\u0bcd \\u0b95\\u0bbe\\u0bae\\u0bbe\\u0bb2\\u0bc8\"}','',1,'2023-10-10 09:53:34','2023-10-10 09:53:34'),(9,'861935ea-635a-3736-85c6-231f1ec80dba','1','The common name of Mangifera indica is ------','{\"A\":\"Mango\",\"B\":\"Hibiscus\",\"C\":\"Musambi\",\"D\":\"Mulberry\"}','Mango','    --------','{\"A\":\"\\u0bae\\u0bbe\\u0bae\\u0bcd\\u0baa\\u0bb4\\u0bae\\u0bcd\",\"B\":\"\\u0b9a\\u0bc6\\u0bae\\u0bcd\\u0baa\\u0bb0\\u0bc1\\u0ba4\\u0bcd\\u0ba4\\u0bbf\",\"C\":\"\\u0bae\\u0bc1\\u0b9a\\u0bbe\\u0bae\\u0bcd\\u0baa\\u0bbf\",\"D\":\"\\u0bb5\\u0bbe\\u0bb4\\u0bc8\"}','',1,'2023-10-10 09:53:34','2023-10-10 09:53:34'),(10,'d653073e-cea8-3f63-9a30-ff694490ef96','1','The word Taxonomy is derived from','{\"A\":\"Latin\",\"B\":\"Greek\",\"C\":\"French\",\"D\":\"German\"}','Greek','   -------------------    ','{\"A\":\"\\u0bb2\\u0ba4\\u0bcd\\u0ba4\\u0bc0\\u0ba9\\u0bcd\",\"B\":\"\\u0b95\\u0bbf\\u0bb0\\u0b95\\u0bcd\\u0b95\\u0bae\\u0bcd\",\"C\":\"\\u0baa\\u0bbf\\u0bb0\\u0bc6\\u0b9e\\u0bcd\\u0b9a\\u0bc1\",\"D\":\"\\u0b9a\\u0bae\\u0bb8\\u0bcd\\u0b95\\u0bbf\\u0bb0\\u0bc1\\u0ba4\\u0bae\\u0bcd\"}','',1,'2023-10-10 09:53:34','2023-10-10 09:53:34'),(11,'4fc62028-055b-3efc-a80d-0ddfb14981a0','1','The pigment present in Blue-green Algae is -----------','{\"A\":\"Cyanophycean starch\",\"B\":\"Floridian starch\",\"C\":\"Mannitol\",\"D\":\"Starch\"}','Cyanophycean starch','-    ----------','{\"A\":\"\\u0b9a\\u0baf\\u0ba9\\u0bcb\\u0b83\\u0baa\\u0bc8\\u0b9a\\u0bbf\\u0baf\\u0ba9\\u0bcd \\u0bb8\\u0bcd\\u0b9f\\u0bbe\\u0bb0\\u0bcd\\u0b9a\\u0bcd\",\"B\":\"\\u0baa\\u0bc1\\u0bb3\\u0bcb\\u0bb0\\u0bbf\\u0b9f\\u0bbf\\u0baf\\u0ba9\\u0bcd \\u0bb8\\u0bcd\\u0b9f\\u0bbe\\u0bb0\\u0bcd\\u0b9a\\u0bcd\",\"C\":\"\\u0bae\\u0ba9\\u0bcd\\u0ba9\\u0bbf\\u0b9f\\u0bcb\\u0bb2\\u0bcd\",\"D\":\"\\u0bb8\\u0bcd\\u0b9f\\u0bbe\\u0bb0\\u0bcd\\u0b9a\\u0bcd\"}',' ',1,'2023-10-10 09:53:34','2023-10-10 09:53:34'),(12,'50622cbd-dd0a-370e-b0a9-6d33826bcdd9','1','The cell wall of Fungi is made up of a chemical substance called ----------','{\"A\":\"Pectin\",\"B\":\"Chitin\",\"C\":\"Cellulose\",\"D\":\"Hemi cellulose\"}','Chitin','   ----------    .','{\"A\":\"\\u0baa\\u0bc6\\u0b95\\u0bcd\\u0b9f\\u0bbf\\u0ba9\\u0bcd\",\"B\":\"\\u0b9a\\u0bbf\\u0b9f\\u0bbf\\u0ba9\\u0bcd\",\"C\":\"\\u0b9a\\u0bc6\\u0bb2\\u0bcd\\u0bb2\\u0bc1\\u0bb2\\u0bcb\\u0bb8\\u0bcd\",\"D\":\"\\u0bb9\\u0bc6\\u0bae\\u0bbf \\u0b9a\\u0bc6\\u0bb2\\u0bcd\\u0bb2\\u0bc1\\u0bb2\\u0bcb\\u0bb8\\u0bcd\"}','',1,'2023-10-10 09:53:34','2023-10-10 09:53:34'),(13,'6c0d08d4-fd72-3811-8a53-952025d7694d','1','Angiosperms are divided into ------classes.','{\"A\":\"Three\",\"B\":\"Four\",\"C\":\"Two\",\"D\":\"Five\"}','Two',' ------  ','{\"A\":\"\\u0bae\\u0bc2\\u0ba9\\u0bcd\\u0bb1\\u0bc1\",\"B\":\"\\u0ba8\\u0bbe\\u0ba9\\u0bcd\\u0b95\\u0bc1\",\"C\":\"\\u0b87\\u0bb0\\u0ba3\\u0bcd\\u0b9f\\u0bc1\",\"D\":\"\\u0b90\\u0ba8\\u0bcd\\u0ba4\\u0bc1\"}','',1,'2023-10-10 09:53:34','2023-10-10 09:53:34'),(14,'7682bda2-af5a-3fff-8e61-b7c797af3171','1','Blast disease in paddy is caused by-----','{\"A\":\"Pyricularia oryzae\",\"B\":\"Cercospora personata\",\"C\":\"Albugo candida\",\"D\":\"Fusarium oxysporum\"}','Pyricularia oryzae','    ----------','{\"A\":\"\\u0baa\\u0bc8\\u0bb0\\u0bbf\\u0b95\\u0bc1\\u0bb2\\u0bbe\\u0bb0\\u0bbf\\u0baf\\u0bbe \\u0b93\\u0bb0\\u0bbf\\u0b9a\\u0bc7\",\"B\":\"\\u0b9a\\u0bc6\\u0bb0\\u0bcd\\u0b95\\u0bcb\\u0bb8\\u0bcd\\u0baa\\u0bcb\\u0bb0\\u0bbe \\u0b86\\u0bb3\\u0bc1\\u0bae\\u0bc8\",\"C\":\"\\u0b85\\u0bb2\\u0bcd\\u0baa\\u0bc1\\u0b95\\u0bcb \\u0b95\\u0bc7\\u0ba3\\u0bcd\\u0b9f\\u0bbf\\u0b9f\\u0bbe\",\"D\":\"\\u0baa\\u0bc1\\u0b9a\\u0bbe\\u0bb0\\u0bbf\\u0baf\\u0bae\\u0bcd \\u0b86\\u0b95\\u0bcd\\u0bb8\\u0bbf\\u0bb8\\u0bcd\\u0baa\\u0bcb\\u0bb0\\u0bae\\u0bcd\"}',' ',1,'2023-10-10 09:53:34','2023-10-10 09:53:34'),(15,'8b604ea0-9d3a-373b-8ae7-36796d16a791','1','Based on the mode of nutrition fungi are classified into -----groups.','{\"A\":\"4\",\"B\":\"2\",\"C\":\"3\",\"D\":\"6\"}','3','    ----- .','{\"A\":\"4\",\"B\":\"2\",\"C\":\"3\",\"D\":\"6\"}','3',1,'2023-10-10 09:53:34','2023-10-10 09:53:34'),(16,'15c85712-ad5a-3008-8f9f-7a2d7d463768','1','The study of fungi is called-----','{\"A\":\"Mycology\",\"B\":\"Phycology\",\"C\":\"Bryology\",\"D\":\"Algology\"}','Mycology','  -----','{\"A\":\"\\u0bae\\u0bc8\\u0b95\\u0bbe\\u0bb2\\u0b9c\\u0bbf\",\"B\":\"\\u0b89\\u0b9f\\u0bb2\\u0bbf\\u0baf\\u0bb2\\u0bcd\",\"C\":\"\\u0baa\\u0bbf\\u0bb0\\u0bc8\\u0bb2\\u0b9c\\u0bbf\",\"D\":\"\\u0b85\\u0bb2\\u0bcd\\u0b95\\u0bbe\\u0bb2\\u0b9c\\u0bbf\"}','',1,'2023-10-10 09:53:34','2023-10-10 09:53:34'),(17,'3f85baee-9e24-3ca7-8847-e104e9ed81ec','1','The most common edible mushroom is--------','{\"A\":\"Agaricus\",\"B\":\"Amanita Phalloides\",\"C\":\"Funeral bell\",\"D\":\"False morel\"}','Agaricus','  -----','{\"A\":\"\\u0b85\\u0b95\\u0bbe\\u0bb0\\u0bbf\\u0b95\\u0bb8\\u0bcd\",\"B\":\"\\u0b85\\u0bae\\u0bbe\\u0ba9\\u0bbf\\u0ba4\\u0bbe \\u0baa\\u0bb2\\u0bcd\\u0bb2\\u0bbe\\u0baf\\u0bcd\\u0b9f\\u0bcd\\u0bb8\\u0bcd\",\"C\":\"\\u0b87\\u0bb1\\u0bc1\\u0ba4\\u0bbf\\u0b9a\\u0bcd \\u0b9a\\u0b9f\\u0b99\\u0bcd\\u0b95\\u0bc1 \\u0bae\\u0ba3\\u0bbf\",\"D\":\"\\u0ba4\\u0bb5\\u0bb1\\u0bbe\\u0ba9 \\u0bae\\u0bcb\\u0bb0\\u0bb2\\u0bcd\"}','',1,'2023-10-10 09:53:34','2023-10-10 09:53:34'),(18,'436974c3-3da9-31cf-914f-2e8072ba4f12','1','Linnaeus classification was proposed by------','{\"A\":\"Carolus Linnaeus\",\"B\":\"Benthem & Hooker\",\"C\":\"Gaspard Bauhin\",\"D\":\"Augustin\"}','Carolus Linnaeus','  --------','{\"A\":\"\\u0b95\\u0bb0\\u0bcb\\u0bb2\\u0bb8\\u0bcd \\u0bb2\\u0bbf\\u0ba9\\u0bcd\\u0ba9\\u0bc7\\u0baf\\u0bb8\\u0bcd\",\"B\":\"\\u0baa\\u0bc6\\u0ba8\\u0bcd\\u0ba4\\u0bc6\\u0bae\\u0bcd & \\u0bb9\\u0bc2\\u0b95\\u0bcd\\u0b95\\u0bb0\\u0bcd\",\"C\":\"\\u0b95\\u0bbe\\u0bb8\\u0bcd\\u0baa\\u0bbe\\u0bb0\\u0bcd\\u0b9f\\u0bcd \\u0baa\\u0bcc\\u0bb9\\u0bbf\\u0ba9\\u0bcd\",\"D\":\"\\u0b85\\u0b95\\u0bb8\\u0bcd\\u0b9f\\u0bbf\\u0ba9\\u0bcd\"}',' ',1,'2023-10-10 09:53:34','2023-10-10 09:53:34'),(19,'12daa167-fff3-39d4-b53a-12d4f58550bf','1','The algae consumed as food in Japan is-------','{\"A\":\"Nostoc\",\"B\":\"Spirulina\",\"C\":\"Gelidium\",\"D\":\"Spirogyra\"}','Spirulina','    ------','{\"A\":\"\\u0ba8\\u0bcb\\u0bb8\\u0bcd\\u0b9f\\u0bbe\\u0b95\\u0bcd\",\"B\":\"\\u0bb8\\u0bcd\\u0baa\\u0bc8\\u0bb0\\u0bc1\\u0bb2\\u0bbf\\u0ba9\\u0bbe\",\"C\":\"\\u0b9c\\u0bc6\\u0bb2\\u0bbf\\u0b9f\\u0bbf\\u0baf\\u0bae\\u0bcd\",\"D\":\"\\u0bb8\\u0bcd\\u0baa\\u0bc8\\u0bb0\\u0bcb\\u0b95\\u0bbf\\u0bb0\\u0bbe\"}','',1,'2023-10-10 09:53:34','2023-10-10 09:53:34'),(20,'ffcca110-d0cc-3a59-a42a-e61e4b345dc8','1','Ginkgo leaves are ingested as a remedy for memory-related disorders like------','{\"A\":\"Alzheimer\\u2019s disease\",\"B\":\"Bronchitis\",\"C\":\"Respiratory problems\",\"D\":\"Pain\"}','Alzheimers disease','  -------      .','{\"A\":\"\\u0b85\\u0bb2\\u0bcd\\u0b9a\\u0bc0\\u0bae\\u0bb0\\u0bcd \\u0ba8\\u0bc7\\u0bbe\\u0baf\\u0bcd\",\"B\":\"\\u0bae\\u0bc2\\u0b9a\\u0bcd\\u0b9a\\u0bc1\\u0b95\\u0bcd\\u0b95\\u0bc1\\u0bb4\\u0bbe\\u0baf\\u0bcd \\u0b85\\u0bb4\\u0bb1\\u0bcd\\u0b9a\\u0bbf\",\"C\":\"\\u0b9a\\u0bc1\\u0bb5\\u0bbe\\u0b9a \\u0baa\\u0bbf\\u0bb0\\u0b9a\\u0bcd\\u0b9a\\u0ba9\\u0bc8\\u0b95\\u0bb3\\u0bcd\",\"D\":\"\\u0bb5\\u0bb2\\u0bbf\"}',' ',1,'2023-10-10 09:53:34','2023-10-10 09:53:34'),(21,'12def79f-4ace-3de6-9bd7-e982010370b9','0','The reserve food material in Brown Algae is ----------',NULL,'Laminarian starch and Mannitol','-    ____',NULL,' ',1,'2023-10-10 09:53:50','2023-10-10 09:53:50'),(22,'b9c41008-1d66-3520-aba4-f6e1c49d00cc','0','The naming of an organism with two words is known as----------------',NULL,'Binomial Nomenclature','      ____',NULL,'   ',1,'2023-10-10 09:53:50','2023-10-10 09:53:50'),(23,'de0d23b1-57fd-3bcb-91d9-e6f3a4dfe174','0','Parasites absorb food from living organisms with the help of a special root called __________.',NULL,'Haustoria','      ______',NULL,' ',1,'2023-10-10 09:53:50','2023-10-10 09:53:50'),(24,'a6dbd612-df01-3b37-a898-437a7b06ac83','0','In Lycopsida the leaves are small and are called ------------',NULL,'Microphyllous','   ____    .',NULL,'',1,'2023-10-10 09:53:50','2023-10-10 09:53:50'),(25,'cda75e40-ee72-3679-a18a-9f5c706746e6','0','The sporocarp of -------- is used as food by some people',NULL,'Marsilea','  _______       .',NULL,'',1,'2023-10-10 09:53:50','2023-10-10 09:53:50'),(26,'bf80a540-f7a2-3e6e-86fc-2cf4a5de6ce3','0','Symbiotic association present between fungi and plants is----',NULL,'Mycorrhiza','      ________  .',NULL,'',1,'2023-10-10 09:53:50','2023-10-10 09:53:50'),(27,'cdf12468-69a2-3513-a596-c22bd48c24b5','0','Algae is originated from a Latin word called------',NULL,'Seaweeds','_____      ',NULL,'',1,'2023-10-10 09:53:50','2023-10-10 09:53:50'),(28,'904b6599-2cc2-3053-91c5-36b18221356c','0','Yeast contains enzymes invertase and zymase, which ferment the -------into alcohol',NULL,'Sugar molasses','  _______        .',NULL,' ',1,'2023-10-10 09:53:50','2023-10-10 09:53:50'),(29,'be3ec447-e0eb-3868-85d0-23dc713e5f6a','0','Tikka disease in the ground nut is caused by-------',NULL,'Cercospora personata',' _____  .',NULL,'',1,'2023-10-10 09:53:50','2023-10-10 09:53:50'),(30,'7178db64-3e87-3761-b20a-65002c70bef3','0','The fertilized egg forms the------',NULL,'Zygote','   _______',NULL,' ',1,'2023-10-10 09:53:50','2023-10-10 09:53:50'),(31,'035ecfb8-f7e9-32c8-ad74-186eb746108b','2','Agar-agar is obtained from which algae?',NULL,'Red algae','-   ?',NULL,' ',1,'2023-10-10 09:54:19','2023-10-10 09:54:19'),(32,'9d7f2d1e-86d3-3f6e-b7f5-a197cfe3a408','2','Name the reserve food material in fungi.',NULL,'Glycogen and oil','     ?',NULL,'  ',1,'2023-10-10 09:54:19','2023-10-10 09:54:19'),(33,'2a39d6a4-63d4-3cc0-8aa9-7295535cc461','2','Which plant lives on both land and water?.',NULL,'Bryophytes','      ?',NULL,'',1,'2023-10-10 09:54:19','2023-10-10 09:54:19'),(34,'cb2e6b02-f0e0-3824-ad32-352994b506b3','2','Name the pigment present in blue-green algae.',NULL,'Cyanophycean Starch','-    ?',NULL,' ',1,'2023-10-10 09:54:19','2023-10-10 09:54:19'),(35,'c97d7b97-abec-3f0f-b6f7-aa715f639d57','2','Which algae is used to decompose human waste?.',NULL,'Chlorella','     ?',NULL,'',1,'2023-10-10 09:54:19','2023-10-10 09:54:19'),(36,'bc3f1cbc-6a9d-3a1e-abda-785d251f60c3','2','Where in Indias largest Herbarium located?',NULL,'Kolkatta','   ?',NULL,'',1,'2023-10-10 09:54:19','2023-10-10 09:54:19'),(37,'eab5eeca-21d3-3730-81a0-7397de951301','2','Which plant is used for curing chronic diarrhoea and dysentery?.',NULL,'Aegle Marmelos','       ?.',NULL,' ',1,'2023-10-10 09:54:19','2023-10-10 09:54:19'),(38,'2632cdd9-46f2-3962-b816-11317f6d4d3a','2','Name the fuel like coal obtained from Sphagnum.',NULL,'Peat','      .',NULL,'',1,'2023-10-10 09:54:19','2023-10-10 09:54:19'),(39,'adfb3fb7-c039-33b0-90d4-3bf84ad782c8','2','What is the male sex organ of Bryophyte called as?.',NULL,'Antheridium','     ?',NULL,'',1,'2023-10-10 09:54:19','2023-10-10 09:54:19'),(40,'541a30f9-aa5b-30e4-be87-23d80d746367','2','Which plant is called as non-vascular cryptogams?',NULL,'Bryophytes','      ?',NULL,'',1,'2023-10-10 09:54:19','2023-10-10 09:54:19'),(41,'48aefbd1-b782-3432-9839-378d9865ac36','3','Pinus is a closed-seeded plant.',NULL,'true','    .',NULL,'',1,'2023-10-11 12:22:43','2023-10-11 12:22:43'),(42,'3f5385b1-a9e2-3859-975f-f4bca28167a7','3','All bryophytes are hydrophytes.',NULL,'false','  .',NULL,'',1,'2023-10-11 12:22:43','2023-10-11 12:22:43'),(43,'9ee8c429-1988-357d-9284-511d6c1106c4','3','Mosses are a well-developed plant in bryophytes.',NULL,'true','    . ',NULL,'',1,'2023-10-11 12:22:43','2023-10-11 12:22:43'),(44,'a1a4075c-6537-32e2-a45d-a5bbb5a54c91','3','The dominant phase of the bryophytes is sporophyte.',NULL,'false','     .',NULL,'',1,'2023-10-11 12:22:43','2023-10-11 12:22:43'),(45,'d6af43aa-caa6-3742-a23a-16d5a00fce53','3','The dominant phase of the pteridophyte is the gametophytic phase.',NULL,'false','     .',NULL,'',1,'2023-10-11 12:22:43','2023-10-11 12:22:43'),(46,'16fa7c98-ea23-3354-8785-19857b7ad1a6','3','The word Taxonomy was first coined by Augustin.',NULL,'true','     .',NULL,'',1,'2023-10-11 12:22:43','2023-10-11 12:22:43'),(47,'a81af8a3-3b16-36c4-9954-56f60c2fb2c3','3','Pollination in Monocotyledon occur by insects.',NULL,'false','    .',NULL,'',1,'2023-10-11 12:22:43','2023-10-11 12:22:43'),(48,'26cb9c9d-2a62-3898-a26b-c1c43da70108','3','Dicot seed have two cotyledons.',NULL,'true','    .',NULL,'',1,'2023-10-11 12:22:43','2023-10-11 12:22:43'),(49,'ca0a39f5-eccf-3c30-8db5-8968944625cb','3','Angiosperms are also known as flowering plants.',NULL,'true','    .',NULL,'',1,'2023-10-11 12:22:43','2023-10-11 12:22:43'),(50,'37bcadd4-2f8a-3376-a3d9-cac6ad84400b','3','Equisetum is homosporous.',NULL,'true',' .',NULL,'',1,'2023-10-11 12:22:43','2023-10-11 12:22:43'),(51,'c29653d8-58b3-3402-af2e-ab4a4b7928ad','4','Chlamydomonas','[\"Red algae\"]','Green algae','','[\"\\u0b9a\\u0bbf\\u0bb5\\u0baa\\u0bcd\\u0baa\\u0bc1 \\u0baa\\u0bbe\\u0b9a\\u0bbf\"]',' ',1,'2023-10-10 09:59:23','2023-10-10 09:59:23'),(52,'e14a39fc-8195-3dfa-bdd7-8c48d534e58a','4','Rhodophyceae','[\"Green algae\"]','Red algae','','[\"\\u0baa\\u0b9a\\u0bcd\\u0b9a\\u0bc8 \\u0baa\\u0bbe\\u0b9a\\u0bbf\"]',' ',1,'2023-10-10 09:59:23','2023-10-10 09:59:23'),(53,'a7a30c87-c736-3cfa-bb06-6cf5b4688851','4','Cyanobacteria','[\"Athletes foot\"]','Blue-green alga','','[\"\\u0bb5\\u0bbf\\u0bb3\\u0bc8\\u0baf\\u0bbe\\u0b9f\\u0bcd\\u0b9f\\u0bc1 \\u0bb5\\u0bc0\\u0bb0\\u0bb0\\u0bcd\\u0b95\\u0bb3\\u0bcd \\u0b95\\u0bbe\\u0bb2\\u0bcd\"]','- ',1,'2023-10-10 09:59:23','2023-10-10 09:59:23'),(54,'a7311eb2-2f96-3c75-a26f-572df3c8d64f','4','Chlorella','[\"Blue-green alga\"]','SCP','','[\"\\u0ba8\\u0bc0\\u0bb2-\\u0baa\\u0b9a\\u0bcd\\u0b9a\\u0bc8 \\u0b86\\u0bb2\\u0bcd\\u0b95\\u0bbe\"]','',1,'2023-10-10 09:59:23','2023-10-10 09:59:23'),(55,'6ee4c221-4c3f-3261-8832-77e492dc06dd','4','Tinea pedis','[\"SCP\"]','Athletes foot',' ','[\"\\u0bb8\\u0bcd\\u0b9a\\u0bbf\\u0baa\\u0bbf\"]','  ',1,'2023-10-10 09:59:23','2023-10-10 09:59:23'),(56,'3fdf8fc1-2443-37a1-b30d-b7e6f77eb955','4','Natural system of classification','[\"Kuppaimeni\"]','Benthem & Hooker','  ','[\"\\u0b95\\u0bc1\\u0baa\\u0bcd\\u0baa\\u0bc8\\u0bae\\u0bc7\\u0ba9\\u0bbf\"]',' & ',1,'2023-10-10 09:59:23','2023-10-10 09:59:23'),(57,'b6cad202-c27d-30c7-8895-182015114486','4','Acalypha Indica','[\"Benthem & Hooker\"]','Kuppaimeni',' ','[\"\\u0baa\\u0bc6\\u0ba8\\u0bcd\\u0ba4\\u0bc6\\u0bae\\u0bcd & \\u0bb9\\u0bc2\\u0b95\\u0bcd\\u0b95\\u0bb0\\u0bcd\"]','',1,'2023-10-10 09:59:23','2023-10-10 09:59:23'),(58,'34c82f6c-7a96-3c9e-a486-6d1ab970fee3','4','Phyllanthus Amarus','[\"Collection of dried plants\"]','Jaundice',' ','[\"\\u0b89\\u0bb2\\u0bb0\\u0bcd\\u0ba8\\u0bcd\\u0ba4 \\u0ba4\\u0bbe\\u0bb5\\u0bb0\\u0b99\\u0bcd\\u0b95\\u0bb3\\u0bbf\\u0ba9\\u0bcd \\u0b9a\\u0bc7\\u0b95\\u0bb0\\u0bbf\\u0baa\\u0bcd\\u0baa\\u0bc1\"]',' ',1,'2023-10-10 09:59:23','2023-10-10 09:59:23'),(59,'44962174-5f7f-397a-bc46-a2573bd68505','4','Herbarium','[\"Edible\"]','Collection of dried plants','','[\"\\u0b89\\u0ba3\\u0bcd\\u0ba3\\u0b95\\u0bcd\\u0b95\\u0bc2\\u0b9f\\u0bbf\\u0baf\\u0ba4\\u0bc1\"]','  ',1,'2023-10-10 09:59:23','2023-10-10 09:59:23'),(60,'4898eef4-1bef-3304-90c6-c865970eddc9','4','Pinus Gerardiana','[\"Jaundice\"]','Edible',' ','[\"\\u0bae\\u0b9e\\u0bcd\\u0b9a\\u0bb3\\u0bcd \\u0b95\\u0bbe\\u0bae\\u0bbe\\u0bb2\\u0bc8\"]','',1,'2023-10-10 09:59:23','2023-10-10 09:59:23');
/*!40000 ALTER TABLE `questions` ENABLE KEYS */;
UNLOCK TABLES;

--
-- Table structure for table `student_responses`
--

DROP TABLE IF EXISTS `student_responses`;
/*!40101 SET @saved_cs_client     = @@character_set_client */;
/*!40101 SET character_set_client = utf8 */;
CREATE TABLE `student_responses` (
  `id` bigint(20) unsigned NOT NULL AUTO_INCREMENT,
  `uuid` char(36) NOT NULL,
  `exam_id` bigint(20) unsigned NOT NULL,
  `question_id` bigint(20) unsigned NOT NULL,
  `correct_answer` varchar(250) NOT NULL,
  `created_at` timestamp NULL DEFAULT NULL,
  `updated_at` timestamp NULL DEFAULT NULL,
  PRIMARY KEY (`id`),
  KEY `student_responses_exam_id_foreign` (`exam_id`),
  KEY `student_responses_question_id_foreign` (`question_id`),
  CONSTRAINT `student_responses_exam_id_foreign` FOREIGN KEY (`exam_id`) REFERENCES `exams` (`id`) ON DELETE CASCADE,
  CONSTRAINT `student_responses_question_id_foreign` FOREIGN KEY (`question_id`) REFERENCES `questions` (`id`) ON DELETE CASCADE
) ENGINE=InnoDB AUTO_INCREMENT=1105 DEFAULT CHARSET=utf8mb4 COLLATE=utf8mb4_unicode_ci;
/*!40101 SET character_set_client = @saved_cs_client */;

--
-- Dumping data for table `student_responses`
--

LOCK TABLES `student_responses` WRITE;
/*!40000 ALTER TABLE `student_responses` DISABLE KEYS */;
INSERT INTO `student_responses` VALUES (1,'76430016-574b-4ef8-99ed-06b4d37f7e81',1,1,'1','2023-10-06 17:03:30','2023-10-06 17:03:30'),(2,'3806fcdc-b447-4e90-b709-0f4d9961bdd0',3,1,'0','2023-10-10 08:55:01','2023-10-10 08:55:01'),(3,'67e78845-6204-4b88-a530-5385863294e1',3,2,'0','2023-10-10 08:56:07','2023-10-10 08:56:07'),(4,'59bd30be-2abb-42d1-9b6c-63d93fd26828',3,3,'1','2023-10-10 10:04:33','2023-10-10 10:04:33'),(5,'e48a9ccf-3d61-41ae-be0f-1d9b7f3275eb',3,4,'1','2023-10-10 10:04:50','2023-10-10 10:04:50'),(6,'77d41ffb-1895-4847-93b6-12fec5a3893a',3,5,'0','2023-10-10 10:05:12','2023-10-10 10:05:12'),(7,'b9df41be-8607-4fa5-afc4-992ef1f71c30',3,6,'1','2023-10-10 10:05:29','2023-10-10 10:05:29'),(8,'b8ac6cd3-c0e8-4db0-abf0-0dda719b4ef5',3,7,'1','2023-10-10 10:05:47','2023-10-10 10:05:47'),(9,'dd81226f-fb88-4588-abef-9af3a554c8b2',3,8,'1','2023-10-10 10:06:02','2023-10-10 10:06:02'),(10,'b8767d5e-c987-4f2d-9dc0-ad268d55b6a1',3,9,'1','2023-10-10 10:06:20','2023-10-10 10:06:20'),(11,'9cc0391a-9ea3-47d9-83df-fa6e8f7c2707',3,10,'1','2023-10-10 10:06:42','2023-10-10 10:06:42'),(12,'b792f638-2439-45b9-a311-a75221c023fa',3,11,'1','2023-10-10 10:07:01','2023-10-10 10:07:01'),(13,'80bcb279-45b0-470d-bc79-e7736d5f2265',3,12,'1','2023-10-10 10:07:19','2023-10-10 10:07:19'),(14,'cccaa329-880e-44b1-8e79-d15c66bb0116',3,13,'1','2023-10-10 10:07:36','2023-10-10 10:07:36'),(15,'beb9f066-1a4b-4684-9297-f879b038da2c',3,14,'1','2023-10-10 10:07:53','2023-10-10 10:07:53'),(16,'bd64d6e9-2cd0-448b-8641-4fd4ab57d03c',3,15,'1','2023-10-10 10:08:09','2023-10-10 10:08:09'),(17,'dae930d4-8751-4181-9886-feebc16b45fb',3,16,'1','2023-10-10 10:08:27','2023-10-10 10:08:27'),(18,'87728142-c077-482e-9b26-754694a5fa89',3,17,'1','2023-10-10 10:08:43','2023-10-10 10:08:43'),(19,'ed71564f-def7-437f-a974-8708863dfb2e',3,18,'1','2023-10-10 10:09:01','2023-10-10 10:09:01'),(20,'ca8ff372-328a-428c-811a-352fd78f3d8c',3,19,'1','2023-10-10 10:09:22','2023-10-10 10:09:22'),(21,'943a8cc1-1b50-42a3-922e-511c7a7146a6',3,20,'1','2023-10-10 10:09:42','2023-10-10 10:09:42'),(22,'0229938d-523a-4110-b36e-06c27c02d023',3,21,'1','2023-10-10 10:11:42','2023-10-10 10:11:42'),(23,'e6fd076a-4794-4761-ab78-2ae9f1e8499e',3,22,'1','2023-10-10 10:11:59','2023-10-10 10:11:59'),(24,'a748bc47-eaf6-4f80-b07f-c598e7119fb1',3,23,'1','2023-10-10 10:12:18','2023-10-10 10:12:18'),(25,'9b676069-096c-4045-9206-ce03919c093a',3,24,'1','2023-10-10 10:12:35','2023-10-10 10:12:35'),(26,'960119ee-5953-46be-8578-2418e4f9047f',3,25,'0','2023-10-10 10:12:52','2023-10-10 10:12:52'),(27,'1a118360-d60f-4226-a5d1-fd4d85499f9c',3,26,'1','2023-10-10 10:13:14','2023-10-10 10:13:14'),(28,'808c7759-5b1d-4472-a773-2ba2f564ded9',3,27,'1','2023-10-10 10:13:31','2023-10-10 10:13:31'),(29,'0c1f0d54-d237-4a49-9e58-b8ca752480ac',3,28,'1','2023-10-10 10:13:54','2023-10-10 10:13:54'),(30,'3c784c3d-39b7-4467-bc84-6f3ecfb50df2',3,29,'1','2023-10-10 10:14:13','2023-10-10 10:14:13'),(31,'74b552f0-de3c-4653-8a7a-88789c46cbc6',3,30,'1','2023-10-10 10:14:29','2023-10-10 10:14:29'),(32,'63a67f5e-eb6e-49a0-9109-8ac22152c8a8',3,31,'1','2023-10-10 10:15:25','2023-10-10 10:15:25'),(33,'7e7d14f8-f98e-42ff-9315-77e166990a96',3,32,'1','2023-10-10 10:15:43','2023-10-10 10:15:43'),(34,'ffe4d152-165e-4209-9156-b06ea340e77f',3,33,'1','2023-10-10 10:16:02','2023-10-10 10:16:02'),(35,'cab57be5-ad2b-4342-b251-6f778617df8d',3,34,'1','2023-10-10 10:16:22','2023-10-10 10:16:22'),(36,'80f8dbcf-ebd7-4ee4-b116-442f26cad151',3,35,'1','2023-10-10 10:16:40','2023-10-10 10:16:40'),(37,'cf951ebc-ad62-413a-a360-d34d0938529d',3,36,'1','2023-10-10 10:16:56','2023-10-10 10:16:56'),(38,'4704b387-8e3b-4165-9672-558840257165',3,37,'0','2023-10-10 10:17:14','2023-10-10 10:17:14'),(39,'1e5b59e9-d6a5-476b-a9cf-6e550f348bc1',3,38,'1','2023-10-10 10:17:33','2023-10-10 10:17:33'),(40,'5814891f-5793-4dc0-9e04-0a604d6e331e',3,39,'1','2023-10-10 10:17:52','2023-10-10 10:17:52'),(41,'3be0089e-7aea-4fbf-9184-ffa606d6c587',3,40,'1','2023-10-10 10:18:08','2023-10-10 10:18:08'),(54,'fdbdd62a-abf0-47af-8daa-e74a8414d2fa',46,1,'1','2023-10-10 17:23:23','2023-10-10 17:23:23'),(55,'5b78d80c-4092-40a5-80aa-2a1ebc30dc6c',46,2,'0','2023-10-10 17:23:30','2023-10-10 17:23:30'),(56,'212a8c0b-7749-42bb-abe8-750948accce7',46,3,'1','2023-10-10 17:23:42','2023-10-10 17:23:42'),(57,'b6e79bb6-cc02-4160-99d1-91837896add9',46,4,'0','2023-10-10 17:23:59','2023-10-10 17:23:59'),(58,'ce0d64cd-40c6-4588-a49c-53c6cabaabc3',46,5,'0','2023-10-10 17:24:03','2023-10-10 17:24:03'),(59,'c4e756d7-bbe7-4064-bde1-5066394bc2a7',46,6,'1','2023-10-10 17:24:09','2023-10-10 17:24:09'),(60,'c506d54a-27bd-4cd1-94e2-320fd6260edc',46,7,'0','2023-10-10 17:24:13','2023-10-10 17:24:13'),(61,'c8bc2ac9-1541-403c-9f12-a61cf33344aa',46,8,'0','2023-10-10 17:24:17','2023-10-10 17:24:17'),(62,'47119ccd-beed-4f85-866d-43457577029e',46,9,'0','2023-10-10 17:24:19','2023-10-10 17:24:19'),(63,'0dabff95-e508-4117-b213-2965bd808479',46,10,'1','2023-10-10 17:24:22','2023-10-10 17:24:22'),(64,'a7785db7-2ad7-47d3-bf4e-f2bccd3f0b49',46,11,'0','2023-10-10 17:24:25','2023-10-10 17:24:25'),(65,'b5898c2c-7699-41c9-ba9b-d18d230f4999',46,12,'0','2023-10-10 17:24:27','2023-10-10 17:24:27'),(66,'844c3884-e810-4423-aba3-e1d436c4c126',46,13,'1','2023-10-10 17:24:30','2023-10-10 17:24:30'),(67,'2f016039-304f-4599-b2c2-80404cc2b6b9',46,14,'0','2023-10-10 17:24:32','2023-10-10 17:24:32'),(68,'6fd10c5e-dd1f-4841-beba-f7ef3c59ad9c',46,15,'0','2023-10-10 17:24:36','2023-10-10 17:24:36'),(69,'696a4284-be74-452d-9612-c5874c045e28',46,16,'0','2023-10-10 17:24:38','2023-10-10 17:24:38'),(70,'b1c3194f-2617-4159-b6d5-e261702d649e',46,17,'0','2023-10-10 17:24:40','2023-10-10 17:24:40'),(71,'ee81afa3-8fba-4f43-b885-63b7d9c1a21e',46,18,'0','2023-10-10 17:24:42','2023-10-10 17:24:42'),(72,'fc237125-a546-421d-a332-12caf727ca7b',46,19,'0','2023-10-10 17:24:44','2023-10-10 17:24:44'),(73,'23426b00-1d0c-498f-943b-07d078078737',46,20,'0','2023-10-10 17:24:47','2023-10-10 17:24:47'),(74,'3a61658a-b9de-45ca-be2c-bbef4c509a5b',47,1,'1','2023-10-10 17:37:49','2023-10-10 17:37:49'),(75,'0d17f783-21cd-4f38-bbea-6c9354eb7d83',47,2,'0','2023-10-10 17:37:51','2023-10-10 17:37:51'),(76,'723fefb8-b406-4f91-8491-0a4cada1fb05',47,3,'1','2023-10-10 17:37:53','2023-10-10 17:37:53'),(77,'f14f5140-4561-4806-8a07-2f90410840b2',47,4,'0','2023-10-10 17:38:42','2023-10-10 17:38:42'),(78,'288f309b-15d0-482e-b86e-789932f22d79',47,5,'1','2023-10-10 17:38:46','2023-10-10 17:38:46'),(79,'1e7ee2c5-5149-4c38-bc6d-998a79375c2f',47,6,'0','2023-10-10 17:38:49','2023-10-10 17:38:49'),(80,'395d9e46-77ea-4bb5-a816-0e1a4516229a',47,7,'0','2023-10-10 17:38:52','2023-10-10 17:38:52'),(81,'63154277-864a-43cf-a980-abaac4a4c6ad',47,8,'0','2023-10-10 17:38:55','2023-10-10 17:38:55'),(82,'b37937d3-b636-4cf0-9558-8315adc0e786',47,9,'0','2023-10-10 17:38:57','2023-10-10 17:38:57'),(83,'e5482323-c6a5-4bdb-8a77-123a2c523b5f',47,10,'0','2023-10-10 17:38:59','2023-10-10 17:38:59'),(84,'01c74d61-d669-4d3e-a035-4affe9dd3cb5',47,11,'0','2023-10-10 17:39:00','2023-10-10 17:39:00'),(85,'3b4ec9c5-18c7-4196-9583-c4ef52c66441',47,12,'0','2023-10-10 17:39:02','2023-10-10 17:39:02'),(86,'98b40b4a-7a98-4ef0-a1ca-e1d39828bbeb',47,13,'1','2023-10-10 17:39:04','2023-10-10 17:39:04'),(87,'9a4a5a08-c644-4d8a-8fdb-517d759fe8f6',47,14,'0','2023-10-10 17:39:06','2023-10-10 17:39:06'),(88,'fa0b91ee-1fcc-4751-bae2-56a5339d3a15',47,15,'0','2023-10-10 17:39:09','2023-10-10 17:39:09'),(89,'0eb791e7-f69e-493c-bb69-ebdad319e980',47,16,'0','2023-10-10 17:39:11','2023-10-10 17:39:11'),(90,'726e6773-1af3-4f7b-8b16-4292d45323f7',47,17,'0','2023-10-10 17:39:13','2023-10-10 17:39:13'),(91,'cd1b5f43-4f25-4de2-94ed-5c4340e4ef7e',47,18,'0','2023-10-10 17:39:15','2023-10-10 17:39:15'),(92,'20b197a4-8900-4a16-aae1-70c1ffe6b388',47,19,'0','2023-10-10 17:39:17','2023-10-10 17:39:17'),(93,'b6d17e17-1344-4238-bc21-725eaedc5acf',47,20,'0','2023-10-10 17:39:20','2023-10-10 17:39:20'),(94,'a15c384a-8138-41db-b56e-236848e1ff68',47,21,'0','2023-10-10 17:41:24','2023-10-10 17:41:24'),(95,'83df2b6d-2717-475e-b1a7-51e82bdc401b',47,22,'0','2023-10-10 17:43:53','2023-10-10 17:43:53'),(96,'7afa58b1-a8e2-483f-bbc2-695d5ea92fec',47,23,'0','2023-10-10 17:43:58','2023-10-10 17:43:58'),(97,'848619ac-1787-4b7f-a554-47ecb7a6193b',47,24,'0','2023-10-10 17:44:03','2023-10-10 17:44:03'),(98,'afe29f60-c605-452a-8a82-9f052b2271f3',47,25,'0','2023-10-10 17:44:07','2023-10-10 17:44:07'),(99,'a3df3232-68f3-4011-a959-e62743d7c8bd',47,26,'0','2023-10-10 17:44:11','2023-10-10 17:44:11'),(100,'635a86ba-7c7d-4d06-b487-f18cb8d75e3a',47,27,'0','2023-10-10 17:44:16','2023-10-10 17:44:16'),(101,'0b151b55-06e8-4c32-b160-d74448db95e1',47,28,'0','2023-10-10 17:44:21','2023-10-10 17:44:21'),(102,'e89f2ceb-c278-49ce-8683-e3a1726c6b05',47,29,'0','2023-10-10 17:44:24','2023-10-10 17:44:24'),(103,'187e6fc1-8035-458d-8437-415b78730f71',47,30,'0','2023-10-10 17:44:29','2023-10-10 17:44:29'),(104,'c79cdfb3-c197-459a-8253-b2e9a1fe0a86',48,1,'1','2023-10-10 17:46:43','2023-10-10 17:46:43'),(105,'09a911d6-1d28-4f57-8612-05118f581f08',48,2,'0','2023-10-10 17:46:46','2023-10-10 17:46:46'),(106,'106af430-6ad8-4158-bfaa-01333f2510c0',48,3,'1','2023-10-10 17:46:48','2023-10-10 17:46:48'),(107,'7f8ee339-ac08-40f4-a67f-415613848664',48,4,'0','2023-10-10 17:46:51','2023-10-10 17:46:51'),(108,'b49c2af3-e2cb-46ac-b030-6823828385e7',48,5,'1','2023-10-10 17:46:52','2023-10-10 17:46:52'),(109,'8ff8788d-a5ef-49af-8968-dc9fa9b56e4e',48,6,'1','2023-10-10 17:46:55','2023-10-10 17:46:55'),(110,'953d19cb-8305-4c1e-8629-2e53c01a4f6c',48,7,'1','2023-10-10 17:46:57','2023-10-10 17:46:57'),(111,'851e6ee4-9b90-4e6f-9926-106195499b19',48,8,'0','2023-10-10 17:46:58','2023-10-10 17:46:58'),(112,'ed4c19b4-13a7-42f2-8e66-b7a6abfeebe1',48,9,'0','2023-10-10 17:47:00','2023-10-10 17:47:00'),(113,'eeff4a69-edac-44da-b0e0-9a0d3aea3bbc',48,10,'0','2023-10-10 17:47:01','2023-10-10 17:47:01'),(114,'eea26f9d-8f2a-4015-b8d7-f96e88076e16',48,11,'0','2023-10-10 17:47:03','2023-10-10 17:47:03'),(115,'dba38fad-c736-4f76-b038-b1cb4696b766',48,12,'0','2023-10-10 17:47:05','2023-10-10 17:47:05'),(116,'e2df0697-bf0f-4406-a7a8-c8a735a055bf',48,13,'1','2023-10-10 17:47:07','2023-10-10 17:47:07'),(117,'30ca440e-c716-41dc-aa4c-8c5a9d000784',48,14,'0','2023-10-10 17:47:08','2023-10-10 17:47:08'),(118,'9f394373-8246-4a45-b690-03cee2c6224a',48,15,'0','2023-10-10 17:47:11','2023-10-10 17:47:11'),(119,'a11968fb-79bd-4526-88ca-3a0bb3f49bb7',48,16,'0','2023-10-10 17:47:13','2023-10-10 17:47:13'),(120,'41290fa7-4696-440e-b4c5-31192a97210b',48,17,'1','2023-10-10 17:47:14','2023-10-10 17:47:14'),(121,'de96a41b-50e6-456f-abf8-e9466dee984f',48,18,'0','2023-10-10 17:47:16','2023-10-10 17:47:16'),(122,'d44e6d0e-294b-4d73-8836-3d423c228689',48,19,'0','2023-10-10 17:47:17','2023-10-10 17:47:17'),(123,'7315084d-c99c-40fd-95fd-33911c6cab54',48,20,'0','2023-10-10 17:47:19','2023-10-10 17:47:19'),(124,'a20e8b95-3356-4119-849a-3cd78489a0bb',48,21,'0','2023-10-10 17:47:23','2023-10-10 17:47:23'),(125,'f2c4a5ac-4f92-4659-9d02-6e50a3fba3a4',48,22,'0','2023-10-10 17:47:26','2023-10-10 17:47:26'),(126,'b6d16d45-4e2b-44a8-8a52-214e30596627',48,23,'0','2023-10-10 17:47:29','2023-10-10 17:47:29'),(127,'792698eb-8330-43a2-af3b-9d8f28a9ac71',48,24,'0','2023-10-10 17:47:32','2023-10-10 17:47:32'),(128,'29bb209e-62df-412c-a5be-dcd1286ac876',48,25,'0','2023-10-10 17:47:35','2023-10-10 17:47:35'),(129,'e8a15023-93f6-4e0f-80a1-750abbca07b3',48,26,'0','2023-10-10 17:47:38','2023-10-10 17:47:38'),(130,'8ce2aa06-bacc-431e-a004-0a8ffc43ac99',48,27,'0','2023-10-10 17:47:41','2023-10-10 17:47:41'),(131,'a1843a49-fc0a-4b5f-8d2e-d7f261ce9429',48,28,'0','2023-10-10 17:47:44','2023-10-10 17:47:44'),(132,'fd94c0d5-b80d-40d7-871f-2f00eacf4530',48,29,'0','2023-10-10 17:47:49','2023-10-10 17:47:49'),(133,'9a3302bb-3f45-415e-bd7f-35594f9ce743',48,30,'0','2023-10-10 17:47:52','2023-10-10 17:47:52'),(134,'5e4131c5-a161-4984-871b-60a333c9fec2',48,31,'0','2023-10-10 17:47:55','2023-10-10 17:47:55'),(135,'aa5d5c31-b0a1-4e36-8c1d-f80bfc09c79e',48,32,'0','2023-10-10 17:47:58','2023-10-10 17:47:58'),(136,'589c718b-3253-450e-bb7b-6439d78c5b90',48,33,'0','2023-10-10 17:48:02','2023-10-10 17:48:02'),(137,'dd02ab53-e39f-4280-b176-478d7812f713',48,34,'0','2023-10-10 17:48:05','2023-10-10 17:48:05'),(138,'c04e8df7-0035-4584-b6f2-2aa8826be02f',48,35,'0','2023-10-10 17:48:08','2023-10-10 17:48:08'),(139,'3f5b90f1-6f2b-4f3e-9dc5-396b1391191e',48,36,'0','2023-10-10 17:48:12','2023-10-10 17:48:12'),(140,'8b5d6e3b-327e-4a96-a2d8-1d91f1105e38',48,37,'0','2023-10-10 17:48:15','2023-10-10 17:48:15'),(141,'9d9a12da-a7d4-4498-8f83-d4f4d615039a',48,38,'0','2023-10-10 17:48:19','2023-10-10 17:48:19'),(142,'a4f9e489-c00b-4bac-a187-09031f98cb32',48,39,'0','2023-10-10 17:48:22','2023-10-10 17:48:22'),(143,'ccb46ed4-e774-43b0-bd67-6a13083f599c',48,40,'0','2023-10-10 17:48:25','2023-10-10 17:48:25'),(144,'99fab75e-654e-439d-ac45-71e52f149039',3,51,'1','2023-10-11 04:56:07','2023-10-11 04:56:07'),(145,'12c774f2-430d-4555-9ac6-de3dbecaf599',3,52,'1','2023-10-11 04:56:07','2023-10-11 04:56:07'),(146,'bd46a28e-86b3-40ad-89e5-30656d3e3650',3,53,'1','2023-10-11 04:56:07','2023-10-11 04:56:07'),(147,'498b1427-da92-4c74-acd1-205f54060e7e',3,54,'1','2023-10-11 04:56:07','2023-10-11 04:56:07'),(148,'7c9ce28f-f060-4670-9d1c-b31f559a0a00',3,55,'0','2023-10-11 04:56:07','2023-10-11 04:56:07'),(149,'0864fd41-5b5d-46cd-8081-31e25e39627b',3,56,'0','2023-10-11 04:56:07','2023-10-11 04:56:07'),(150,'7e2b48a2-fb23-48c8-bad6-14bbc07c7628',3,57,'1','2023-10-11 04:56:07','2023-10-11 04:56:07'),(151,'599dad25-290e-49e4-95d8-460311ad8ce2',3,58,'1','2023-10-11 04:56:07','2023-10-11 04:56:07'),(152,'205dd6a3-7b90-4cad-a56f-5b26782da075',3,59,'1','2023-10-11 04:56:07','2023-10-11 04:56:07'),(153,'3c843b57-0354-436a-8899-9e87b0622215',3,60,'1','2023-10-11 04:56:07','2023-10-11 04:56:07'),(154,'b7e2f2b2-d129-46c4-8fa8-e29c342e2859',3,41,'1','2023-10-11 12:26:26','2023-10-11 12:26:56'),(155,'dfd677e4-6499-4b02-a1d3-c8aa7591cb4c',3,42,'1','2023-10-11 12:26:48','2023-10-11 12:26:48'),(156,'bc28006f-6aee-4def-9422-940041735511',3,43,'0','2023-10-11 12:27:20','2023-10-11 12:27:20'),(157,'28347ccd-867a-4aca-bea6-12875e636272',3,44,'1','2023-10-11 12:27:48','2023-10-11 12:27:48'),(158,'49e37889-1d77-4235-aedd-f115ff9d6b32',3,45,'1','2023-10-11 12:28:02','2023-10-11 12:28:02'),(159,'8f58b002-304f-41e3-aa93-671f309f9ba4',3,46,'1','2023-10-11 12:28:16','2023-10-11 12:28:16'),(160,'4308043b-21d2-4b3c-9b2b-e8ee30a8d46a',3,47,'1','2023-10-11 12:28:32','2023-10-11 12:28:32'),(161,'228ea62d-0e6e-49ec-b1a6-72998f52e0d9',3,48,'1','2023-10-11 12:28:53','2023-10-11 12:28:53'),(162,'57c83a0b-0364-4f91-a068-c68096e58689',3,49,'1','2023-10-11 12:29:05','2023-10-11 12:29:05'),(163,'813ef96b-833c-48c8-86fe-7059619bbf6a',3,50,'1','2023-10-11 12:29:16','2023-10-11 12:29:16'),(164,'5815d412-736a-45f8-8007-3698fc5afdf5',49,1,'1','2023-10-11 17:10:05','2023-10-11 17:10:05'),(165,'7a81ab0c-e407-421b-884b-47ca05881a62',49,2,'0','2023-10-11 17:10:08','2023-10-11 17:10:08'),(166,'eeeb1d74-bd7c-439e-bbbc-4df73a24d887',49,3,'0','2023-10-11 17:10:11','2023-10-11 17:10:11'),(167,'6f33b8f1-71af-48f9-a92d-5814577147c2',49,4,'1','2023-10-11 17:10:14','2023-10-11 17:10:14'),(168,'ff3964fc-4a80-4ae2-bd83-095baaf71f0e',49,5,'0','2023-10-11 17:10:16','2023-10-11 17:10:16'),(169,'1e47e49c-bf97-4f5d-88b9-2b709e87588c',49,6,'1','2023-10-11 17:10:19','2023-10-11 17:10:19'),(170,'8ae7c648-3321-4d73-9b6b-e004a7bae047',49,7,'0','2023-10-11 17:10:21','2023-10-11 17:10:21'),(171,'0c16fc3d-bd67-495a-a20d-baf585f9ee53',49,8,'0','2023-10-11 17:10:23','2023-10-11 17:10:23'),(172,'0148c1cd-a68c-4365-8c69-2eaf4a7d6a43',49,9,'0','2023-10-11 17:10:25','2023-10-11 17:10:25'),(173,'11b3f624-01cd-4686-8814-5b98c8837331',49,10,'0','2023-10-11 17:10:26','2023-10-11 17:10:26'),(174,'5ac746a3-0d1d-4f68-b520-1e04e235aea4',49,11,'0','2023-10-11 17:10:28','2023-10-11 17:10:28'),(175,'a9585141-3911-4c00-aa90-75f898612f4e',49,12,'0','2023-10-11 17:10:30','2023-10-11 17:10:30'),(176,'789d6746-3038-4404-b513-7e29b58a22ad',49,13,'1','2023-10-11 17:10:32','2023-10-11 17:10:32'),(177,'5ee761c0-ced7-4ee0-815d-b8863c509398',49,14,'0','2023-10-11 17:10:33','2023-10-11 17:10:33'),(178,'39ecae8c-0d02-40b4-9cd7-069a02837cfd',49,15,'0','2023-10-11 17:10:35','2023-10-11 17:10:35'),(179,'8d6de825-492a-44f1-aaad-5fb3609cd7ab',49,16,'0','2023-10-11 17:10:37','2023-10-11 17:10:37'),(180,'b612542b-9d21-47e7-bbec-90d33bce2ff9',49,17,'1','2023-10-11 17:10:39','2023-10-11 17:10:39'),(181,'5096b5ee-4018-458f-b43b-cbd6a44361e2',49,18,'0','2023-10-11 17:10:41','2023-10-11 17:10:41'),(182,'5df8b611-ab45-4bda-ae0c-9bd28238e253',49,19,'0','2023-10-11 17:10:42','2023-10-11 17:10:42'),(183,'f0028bf6-d755-46d4-8959-1238aa353945',49,20,'0','2023-10-11 17:10:44','2023-10-11 17:10:44'),(184,'03832c21-d019-439c-a28c-4b38c77126c2',49,21,'0','2023-10-11 17:10:48','2023-10-11 17:10:48'),(185,'4d42c1f1-811a-4894-8274-569666123a47',49,22,'0','2023-10-11 17:10:52','2023-10-11 17:10:52'),(186,'ad892aac-e171-4138-9e4c-94f1220f941a',49,23,'0','2023-10-11 17:10:56','2023-10-11 17:10:56'),(187,'edb07338-9ac2-4b8a-8ef0-a767af0faeed',49,24,'0','2023-10-11 17:10:59','2023-10-11 17:10:59'),(188,'9aa1b89d-0ca5-4f71-b69d-a64744e4afad',49,25,'0','2023-10-11 17:11:02','2023-10-11 17:11:02'),(189,'3c8d9975-bf38-414b-9706-4847e31500bc',49,26,'0','2023-10-11 17:11:05','2023-10-11 17:11:05'),(190,'2747b74a-eacf-472e-adfa-772eb8f951bf',49,27,'0','2023-10-11 17:11:08','2023-10-11 17:11:08'),(191,'4931462b-441b-4b00-8d1c-a8134190c212',49,28,'0','2023-10-11 17:11:11','2023-10-11 17:11:11'),(192,'6f516b20-2e73-4b4f-ae4b-fa1c6a028857',49,29,'0','2023-10-11 17:11:14','2023-10-11 17:11:14'),(193,'ea2f3b33-62ec-4869-80ed-c422f30e9fcc',49,30,'0','2023-10-11 17:11:18','2023-10-11 17:11:18'),(194,'d7d4eaa8-778e-4fe0-a2f3-5fbce492a7c3',49,31,'0','2023-10-11 17:11:21','2023-10-11 17:11:21'),(195,'ba6bbfc1-b971-44df-b969-97688189c99f',49,32,'0','2023-10-11 17:11:24','2023-10-11 17:11:24'),(196,'a16d1e1f-6e1a-4368-b5a8-275aaa3fc0c2',49,33,'0','2023-10-11 17:11:28','2023-10-11 17:11:28'),(197,'1f2f8f09-5b81-4ab1-9081-e031c9b45abd',49,34,'0','2023-10-11 17:11:31','2023-10-11 17:11:31'),(198,'bc3023a6-b958-4d58-b437-009a75d14043',49,35,'0','2023-10-11 17:11:34','2023-10-11 17:11:34'),(199,'7fe0c873-2db5-4854-8935-a4da7226a118',49,36,'0','2023-10-11 17:11:37','2023-10-11 17:11:37'),(200,'230b5b47-51fc-43f6-84e1-9b6c7f402849',49,37,'0','2023-10-11 17:11:42','2023-10-11 17:11:42'),(201,'2321a231-33f5-4460-83a7-17eb7a679d82',49,38,'0','2023-10-11 17:11:45','2023-10-11 17:11:45'),(202,'eff7ed92-cb40-4faa-9718-77115a74cbcc',49,39,'0','2023-10-11 17:11:48','2023-10-11 17:11:48'),(203,'b2d2474a-56c3-4d46-a598-1e2fdddc3254',49,40,'0','2023-10-11 17:11:51','2023-10-11 17:11:51'),(204,'7b6ff8d6-e7de-497b-aa25-c55892ff32e1',50,1,'1','2023-10-11 17:14:25','2023-10-11 17:14:25'),(205,'e68fef3e-6dfb-43a1-af32-e382ba51634b',50,2,'1','2023-10-11 17:14:39','2023-10-11 17:14:39'),(206,'a7e1d51e-f547-4fd9-b2fa-426ad4733f41',50,3,'0','2023-10-11 17:14:43','2023-10-11 17:14:43'),(207,'ee0aeaca-ebd3-458b-a703-7c5ecc07487d',50,4,'0','2023-10-11 17:14:46','2023-10-11 17:14:46'),(208,'ee084aad-8ce5-46fb-8ec6-3ee403828133',50,5,'0','2023-10-11 17:14:50','2023-10-11 17:14:50'),(209,'28039dfa-ee86-446f-a856-1fa8ade26ac0',50,6,'1','2023-10-11 17:14:53','2023-10-11 17:14:53'),(210,'82ffebf2-2cfd-4261-9f7f-9b551dbf49af',50,7,'0','2023-10-11 17:14:54','2023-10-11 17:14:54'),(211,'3d0e37da-cc12-4af5-b159-7684531fc5ec',50,8,'0','2023-10-11 17:14:56','2023-10-11 17:14:56'),(212,'b848a8a6-369e-4322-b1d2-e393a9de18b9',50,9,'0','2023-10-11 17:14:57','2023-10-11 17:14:57'),(213,'966f9cf7-bb66-4282-bf93-6dfabd9a7f9b',50,10,'0','2023-10-11 17:14:58','2023-10-11 17:14:58'),(214,'1df73686-97d7-4229-8c3a-6cf2407956be',50,11,'0','2023-10-11 17:15:00','2023-10-11 17:15:00'),(215,'02956fce-f25e-4a50-a4fe-1d3fe33d2c5f',50,12,'0','2023-10-11 17:15:01','2023-10-11 17:15:01'),(216,'7f45ee5f-e9a2-40e8-a272-0c148727d7de',50,13,'1','2023-10-11 17:15:02','2023-10-11 17:15:02'),(217,'d6cf39a2-c397-4087-85d8-1aecbb89dc35',50,14,'0','2023-10-11 17:15:04','2023-10-11 17:15:04'),(218,'05244e25-e0bd-481b-b54b-560e8a7b1fe1',50,15,'1','2023-10-11 17:15:06','2023-10-11 17:15:06'),(219,'fa2772eb-5f5e-4874-b558-deee796cc976',50,16,'0','2023-10-11 17:15:07','2023-10-11 17:15:07'),(220,'50666cb5-ef28-4490-abd4-e1f6f8ec71fd',50,17,'0','2023-10-11 17:15:08','2023-10-11 17:15:08'),(221,'d20c796d-d039-48e7-bdc4-5b5f0504d257',50,18,'0','2023-10-11 17:15:09','2023-10-11 17:15:09'),(222,'133d99e9-62b0-4fd8-aec4-d73fce356ffe',50,19,'0','2023-10-11 17:15:11','2023-10-11 17:15:11'),(223,'ea3d38fe-d1ff-402e-b151-9266cd247632',50,20,'0','2023-10-11 17:15:13','2023-10-11 17:15:13'),(224,'2bf30966-bb2a-48a1-8315-9ea767c8f03f',50,21,'0','2023-10-11 17:15:18','2023-10-11 17:15:18'),(225,'3812a1a1-69bb-439d-b75b-993c9b9fb5e7',50,22,'0','2023-10-11 17:15:23','2023-10-11 17:15:23'),(226,'b61c0451-80ed-403b-a166-809ed221801a',50,23,'0','2023-10-11 17:15:26','2023-10-11 17:15:26'),(227,'fa003f97-da94-468a-9229-0ccee93a8704',50,24,'0','2023-10-11 17:15:29','2023-10-11 17:15:29'),(228,'a11afe7f-1627-45ea-ba24-29c8ba5f109b',50,25,'0','2023-10-11 17:15:32','2023-10-11 17:15:32'),(229,'d4bd7b50-4406-4c30-95ae-28043df462f1',50,26,'0','2023-10-11 17:15:35','2023-10-11 17:15:35'),(230,'f60debc4-d788-4b53-b45f-e4b4181ec9a9',50,27,'0','2023-10-11 17:15:38','2023-10-11 17:15:38'),(231,'4c28a4ee-b039-41f2-89ee-91b054a4b80d',50,28,'0','2023-10-11 17:15:41','2023-10-11 17:15:41'),(232,'2c5feb34-d960-4e2c-99ee-8cfe4cd6e702',50,29,'0','2023-10-11 17:15:44','2023-10-11 17:15:44'),(233,'2b6c98d4-456b-4019-bd68-43dfee2e121e',50,30,'0','2023-10-11 17:15:48','2023-10-11 17:15:48'),(234,'57732b2f-39b4-453f-939a-695cbbff8455',50,31,'0','2023-10-11 17:15:51','2023-10-11 17:15:51'),(235,'f912a059-ef72-4854-b270-6f1c13af8d8b',50,32,'0','2023-10-11 17:15:54','2023-10-11 17:15:54'),(236,'aab92fb3-cba2-4502-9934-6cd1a5a968da',50,33,'0','2023-10-11 17:15:57','2023-10-11 17:15:57'),(237,'99f48971-2405-4c47-944a-7e529e9c226d',50,34,'0','2023-10-11 17:16:00','2023-10-11 17:16:00'),(238,'ea1d40ac-88c0-491c-92ee-7dce22920758',50,35,'0','2023-10-11 17:16:03','2023-10-11 17:16:03'),(239,'14fa49d7-e924-46e6-9dc5-5e94e94973c9',50,36,'0','2023-10-11 17:16:06','2023-10-11 17:16:06'),(240,'7218800f-bdc3-4ff3-89e5-5bbf8ea56e72',50,37,'0','2023-10-11 17:16:10','2023-10-11 17:16:10'),(241,'93593f6e-24ab-40da-8554-4c4cf5863ab6',50,38,'0','2023-10-11 17:16:13','2023-10-11 17:16:13'),(242,'ad6c80ce-20a0-4c6b-a6db-0fdc4d70df60',50,39,'0','2023-10-11 17:16:16','2023-10-11 17:16:16'),(243,'8596779e-7233-414e-b0ca-6672fed281cb',50,40,'0','2023-10-11 17:16:19','2023-10-11 17:16:19'),(244,'7e800264-241c-42cb-a5ef-1cceb1932d71',50,41,'1','2023-10-11 17:16:47','2023-10-11 17:16:47'),(245,'bc2e93a1-81a5-4c7f-a06d-5f3d83ded178',51,1,'0','2023-10-11 17:17:39','2023-10-11 17:17:39'),(246,'4f5ec453-56ab-476a-97f7-5f7a29a1f7b9',51,2,'1','2023-10-11 17:17:42','2023-10-11 17:17:42'),(247,'e2209f45-d98f-4b37-a4f4-a2a691623397',51,3,'0','2023-10-11 17:17:44','2023-10-11 17:17:44'),(248,'27c5b13f-e7d9-4528-90ae-6c0c922c6ab7',51,4,'1','2023-10-11 17:17:46','2023-10-11 17:17:46'),(249,'33d581e4-2fe9-468e-aaa6-83e1e8e22b0e',51,5,'0','2023-10-11 17:17:48','2023-10-11 17:17:48'),(250,'8ff21150-9df8-46dd-bd5d-1033543b2130',51,6,'1','2023-10-11 17:17:51','2023-10-11 17:17:51'),(251,'92b7c2bb-5565-4d20-a6a1-9cf60b1c6c1f',51,7,'0','2023-10-11 17:17:53','2023-10-11 17:17:53'),(252,'509d287b-bab8-4ab4-b02d-25218010d94c',51,8,'0','2023-10-11 17:17:54','2023-10-11 17:17:54'),(253,'0dab5d16-0348-4106-a596-bbac25b43735',51,9,'0','2023-10-11 17:17:56','2023-10-11 17:17:56'),(254,'61643f11-6470-4237-ba27-7166ec98b74b',51,10,'0','2023-10-11 17:17:57','2023-10-11 17:17:57'),(255,'d092f6e4-becf-428c-b69f-44cb7b6c3a53',51,11,'0','2023-10-11 17:17:58','2023-10-11 17:17:58'),(256,'e27876e7-2a30-4afa-a364-917cc69d37fb',51,12,'1','2023-10-11 17:18:01','2023-10-11 17:18:01'),(257,'736fd95b-19ad-4629-a45f-a3cd1a301ce6',51,13,'0','2023-10-11 17:18:02','2023-10-11 17:18:02'),(258,'183d9482-10cd-4201-ba65-fa3b4e91fad2',51,14,'0','2023-10-11 17:18:04','2023-10-11 17:18:04'),(259,'d2e30b86-92d1-4533-bfb0-adcf271e72ff',51,15,'1','2023-10-11 17:18:06','2023-10-11 17:18:06'),(260,'0d8acbe1-8a3e-4754-83dc-0fa229b3f92b',51,16,'0','2023-10-11 17:18:07','2023-10-11 17:18:07'),(261,'081ab2a5-3031-41b3-a6ad-20157949dc46',51,17,'0','2023-10-11 17:18:08','2023-10-11 17:18:08'),(262,'fbb6d934-bda8-42bf-844d-9d6a02982a1c',51,18,'0','2023-10-11 17:18:10','2023-10-11 17:18:10'),(263,'02a0f167-6d65-4df6-beac-6ba67d9d56bf',51,19,'0','2023-10-11 17:18:12','2023-10-11 17:18:12'),(264,'3e468c8f-a6af-42c4-a133-a133309c439e',51,20,'0','2023-10-11 17:18:14','2023-10-11 17:18:14'),(265,'34e2e593-1554-4637-a836-74dd4a7a9768',51,21,'0','2023-10-11 17:18:17','2023-10-11 17:18:17'),(266,'a3016ebf-1be2-46ff-80b2-521a338f2e5a',51,22,'0','2023-10-11 17:18:20','2023-10-11 17:18:20'),(267,'e66c5ff0-389d-4655-b0fc-dcb68e961f96',51,23,'0','2023-10-11 17:18:25','2023-10-11 17:18:25'),(268,'4c26f70f-ed10-4732-ad6c-7d9dc835d782',51,24,'0','2023-10-11 17:18:28','2023-10-11 17:18:28'),(269,'d37bbc4e-4c3e-4ddc-8b08-2ddf6035d86b',51,25,'0','2023-10-11 17:18:31','2023-10-11 17:18:31'),(270,'688d77b8-fe17-4fa0-bbca-cc98a0c80cbb',51,26,'0','2023-10-11 17:18:34','2023-10-11 17:18:34'),(271,'bf7717c1-cf14-440b-8ab4-a4876a6cbdd3',51,27,'0','2023-10-11 17:18:37','2023-10-11 17:18:37'),(272,'062e29a4-9317-4b3d-8e5c-311bf214e73d',51,28,'0','2023-10-11 17:18:40','2023-10-11 17:18:40'),(273,'c00e8586-092c-4108-9067-310e04ef406e',51,29,'0','2023-10-11 17:18:43','2023-10-11 17:18:43'),(274,'e0aa2a61-ee93-4626-8cc0-abdc12517371',51,30,'0','2023-10-11 17:18:46','2023-10-11 17:18:46'),(275,'22986048-2418-4a74-abfa-76ac118bbd5d',51,31,'0','2023-10-11 17:18:48','2023-10-11 17:18:48'),(276,'42cadced-f3dd-4571-ba4a-27108678baf4',51,32,'0','2023-10-11 17:18:50','2023-10-11 17:18:50'),(277,'efa5d007-2f44-46a3-a0f6-80761c54e60c',51,33,'0','2023-10-11 17:18:53','2023-10-11 17:18:53'),(278,'c4cc737f-d0af-49ba-8885-39b3b35ee778',51,34,'0','2023-10-11 17:18:56','2023-10-11 17:18:56'),(279,'c8717d1d-a32a-4f87-b9bc-6c2c8a1f6cfe',51,35,'0','2023-10-11 17:18:59','2023-10-11 17:18:59'),(280,'9a8028f5-8035-41bb-aa79-619845da5130',51,36,'0','2023-10-11 17:19:01','2023-10-11 17:19:01'),(281,'7e933740-bf4f-4d89-8511-a178b22a0b18',51,37,'0','2023-10-11 17:19:04','2023-10-11 17:19:04'),(282,'8d611d5f-012d-41bc-89c9-83e1c6bec379',51,38,'0','2023-10-11 17:19:07','2023-10-11 17:19:07'),(283,'142fa107-68fd-4d95-a417-482125ead1a1',51,39,'0','2023-10-11 17:19:12','2023-10-11 17:19:12'),(284,'90efa804-4d71-4ed8-b1ab-3c3577978e3f',51,40,'0','2023-10-11 17:19:14','2023-10-11 17:19:14'),(285,'4014573e-25ae-4641-a826-3ad2b42a548f',51,41,'1','2023-10-11 17:19:18','2023-10-11 17:19:18'),(286,'52c4d8a3-b90b-4f6c-b8d4-c116751ef1a2',51,42,'1','2023-10-11 17:19:20','2023-10-11 17:19:20'),(287,'c5312d09-7bf0-4c87-8258-0a64ecc9cdac',51,43,'0','2023-10-11 17:19:22','2023-10-11 17:19:22'),(288,'61237f10-7eea-4951-ae2f-7ce133be0e40',51,44,'1','2023-10-11 17:19:24','2023-10-11 17:19:24'),(289,'c4c40df4-7c3d-4439-8def-b19ea5c6c5ee',51,45,'0','2023-10-11 17:19:27','2023-10-11 17:19:27'),(290,'ac90a2e5-a2f2-4440-a8d6-cde992464e98',51,46,'0','2023-10-11 17:19:29','2023-10-11 17:19:29'),(291,'bb8ad61a-3f7f-4380-b654-4416431fea9a',51,47,'1','2023-10-11 17:19:31','2023-10-11 17:19:31'),(292,'c9d2652a-1b34-45a0-bb2e-a6677dcb78b6',51,48,'0','2023-10-11 17:19:33','2023-10-11 17:19:33'),(293,'5918c1c8-bad0-470b-8335-84706e0b0cc6',51,49,'1','2023-10-11 17:19:34','2023-10-11 17:19:34'),(294,'ed37e34c-0dc9-448c-9546-64d1b49628d8',51,50,'0','2023-10-11 17:19:36','2023-10-11 17:19:36'),(295,'86ec4aa0-56a5-4db8-987b-157d09a5fa9d',60,1,'1','2023-10-11 17:51:55','2023-10-11 17:51:55'),(296,'0686b659-f7a2-4b3c-b584-5951810e23f5',61,1,'1','2023-10-11 17:58:56','2023-10-11 17:58:56'),(297,'dcb5ac2a-1ab0-442e-982a-8724afb378c4',61,2,'1','2023-10-11 17:58:59','2023-10-11 17:58:59'),(298,'7c273260-8b8d-421a-8648-a7e1b19097b8',61,3,'1','2023-10-11 17:59:02','2023-10-11 17:59:02'),(299,'7384cd39-d5cb-424b-8335-f6e8fadf4e66',61,4,'1','2023-10-11 17:59:06','2023-10-11 17:59:06'),(300,'4fec0214-fe22-4348-9bf6-5992b9ebb9d4',61,5,'1','2023-10-11 17:59:08','2023-10-11 17:59:08'),(301,'9bad2ccb-367c-4872-8282-92a36a8bba0c',61,6,'0','2023-10-11 17:59:11','2023-10-11 17:59:11'),(302,'5df9f7bd-3a06-44fa-8696-942a7f0fb41b',61,7,'0','2023-10-11 17:59:13','2023-10-11 17:59:13'),(303,'c1abd8cc-a831-4f64-928e-2dc45be93664',61,8,'0','2023-10-11 17:59:15','2023-10-11 17:59:15'),(304,'aa732fc6-5cda-449c-aa3d-1c139fdb25c6',61,9,'0','2023-10-11 17:59:16','2023-10-11 17:59:16'),(305,'c8399431-c69b-4b8d-8209-bcd483057821',61,10,'0','2023-10-11 17:59:19','2023-10-11 17:59:19'),(306,'346a5757-2ee3-4cdd-932b-58a2e2ffb70d',61,11,'0','2023-10-11 17:59:20','2023-10-11 17:59:20'),(307,'1eb45418-09c0-4440-96b7-848f65f985cb',61,12,'0','2023-10-11 17:59:22','2023-10-11 17:59:22'),(308,'f415a114-be31-4a70-a3f7-931b26a1f66b',61,13,'0','2023-10-11 17:59:23','2023-10-11 17:59:23'),(309,'90d9b670-eeb7-468a-8a3c-873f8f5219b2',61,14,'0','2023-10-11 17:59:25','2023-10-11 17:59:25'),(310,'8380fd6b-35ae-425e-b331-75b91dc8ab08',61,15,'0','2023-10-11 17:59:26','2023-10-11 17:59:26'),(311,'e43cf3ca-905b-49b1-b5a3-3c367b8718b8',61,16,'0','2023-10-11 17:59:28','2023-10-11 17:59:28'),(312,'7b0630e7-c650-4ed2-93b2-84d47fbe793b',61,17,'0','2023-10-11 17:59:29','2023-10-11 17:59:29'),(313,'89f07372-1905-426a-a6cc-bbd9bd72b551',61,18,'0','2023-10-11 17:59:30','2023-10-11 17:59:30'),(314,'52a0aba8-cfcc-43db-8536-a4c9a86cf04b',61,19,'0','2023-10-11 17:59:32','2023-10-11 17:59:32'),(315,'d3fd5a02-a18b-4223-8b20-4d255603e85b',61,20,'1','2023-10-11 17:59:34','2023-10-11 17:59:34'),(316,'1bc39c13-1ef9-42ac-8ae5-a35f32294a72',61,21,'0','2023-10-11 17:59:38','2023-10-11 17:59:38'),(317,'1642e2d7-140d-4173-bd4e-76ed4d5a1a73',61,22,'0','2023-10-11 17:59:43','2023-10-11 17:59:43'),(318,'dfd532b5-ab26-459b-8163-6e5781d99649',61,23,'0','2023-10-11 17:59:46','2023-10-11 17:59:46'),(319,'04d025f3-ea24-46e2-80ab-b261e9b2a790',61,24,'0','2023-10-11 17:59:49','2023-10-11 17:59:49'),(320,'a6c82947-465a-462e-984d-82c40b0282fe',61,25,'0','2023-10-11 17:59:52','2023-10-11 17:59:52'),(321,'c1739b9b-71d5-4571-aa7d-6e6c18ed313d',61,26,'0','2023-10-11 17:59:55','2023-10-11 17:59:55'),(322,'dd0965d0-7589-4ff5-ae5e-77c2be77b423',61,27,'0','2023-10-11 17:59:58','2023-10-11 17:59:58'),(323,'8cde55d0-8cae-447b-ba93-8a27b1b88316',61,28,'0','2023-10-11 18:00:01','2023-10-11 18:00:01'),(324,'7c284069-c149-44c9-a6e3-82676586b6bc',61,29,'0','2023-10-11 18:00:04','2023-10-11 18:00:04'),(325,'7b6987f4-3c26-4c87-9c56-70d1f4544025',61,30,'0','2023-10-11 18:00:07','2023-10-11 18:00:07'),(326,'fca3056e-b1ae-4911-b631-e9a2017c7544',61,31,'0','2023-10-11 18:00:09','2023-10-11 18:00:09'),(327,'0e91eaa7-0f3a-4f9e-812d-e3f5e18d7aa1',61,32,'0','2023-10-11 18:00:12','2023-10-11 18:00:12'),(328,'09cd4a31-b705-4833-93ec-f033afcd34ea',61,33,'0','2023-10-11 18:00:14','2023-10-11 18:00:14'),(329,'72b84894-af03-4faf-9689-912a5c9ac5cd',61,34,'0','2023-10-11 18:00:17','2023-10-11 18:00:17'),(330,'8b2d1609-be1a-4b9f-b6f0-752ec11f533f',61,35,'0','2023-10-11 18:00:19','2023-10-11 18:00:19'),(331,'1588cc88-6151-4f9b-838d-bb48099a2d7f',61,36,'0','2023-10-11 18:00:22','2023-10-11 18:00:22'),(332,'f957661f-a359-4c8d-baec-fd36360b4309',61,37,'0','2023-10-11 18:00:24','2023-10-11 18:00:24'),(333,'acfc2468-84ab-410b-9da8-11de357dfa13',61,38,'0','2023-10-11 18:00:31','2023-10-11 18:00:31'),(334,'3ee5bc8f-a56d-4c77-9f91-0b671958808f',61,39,'0','2023-10-11 18:00:36','2023-10-11 18:00:36'),(335,'37832f86-908d-4390-8355-6b6b955f7ddd',61,40,'0','2023-10-11 18:00:38','2023-10-11 18:00:38'),(336,'1922b3a1-2414-4a21-b213-5cd5bf5854fe',61,41,'1','2023-10-11 18:00:41','2023-10-11 18:00:41'),(337,'ff9321ab-5a38-450b-9cdb-776b18701a7b',61,42,'1','2023-10-11 18:00:43','2023-10-11 18:00:43'),(338,'c2662ded-51aa-453d-ac1d-8edc09b726ca',61,43,'1','2023-10-11 18:00:44','2023-10-11 18:00:44'),(339,'600ef4d3-514c-4542-bc92-80e47e106b56',61,44,'1','2023-10-11 18:00:46','2023-10-11 18:00:46'),(340,'71e9d046-06b5-4d68-8a93-2da2d8fa539b',61,45,'0','2023-10-11 18:00:48','2023-10-11 18:00:48'),(341,'38921156-188a-4ee8-82e6-43409e1a35d8',61,46,'0','2023-10-11 18:00:51','2023-10-11 18:00:51'),(342,'ec488f63-2614-488a-b9f9-2cfc3138f159',61,47,'0','2023-10-11 18:00:52','2023-10-11 18:00:52'),(343,'8d970891-4540-423b-a67d-8a8a6faa05aa',61,48,'0','2023-10-11 18:00:54','2023-10-11 18:00:54'),(344,'2076a864-e957-4a7a-bc4f-2c194555f2d0',61,49,'1','2023-10-11 18:00:56','2023-10-11 18:00:56'),(345,'a1b11232-fe19-49db-8534-5a9f9e34f261',61,50,'0','2023-10-11 18:00:57','2023-10-11 18:00:57'),(346,'6da0a0b4-d009-4bba-9656-54dda633e4eb',75,1,'0','2023-10-11 18:52:22','2023-10-11 18:52:22'),(347,'fff39a62-4ad7-4df1-918b-0ca36820ed92',75,2,'0','2023-10-11 18:52:24','2023-10-11 18:52:24'),(348,'ffaaeee5-038a-40c3-a3ff-84c54e9c34cb',75,3,'0','2023-10-11 18:53:17','2023-10-11 18:53:17'),(349,'7a0e0593-b1de-4951-9530-f334c7db0dca',76,1,'1','2023-10-11 23:41:29','2023-10-11 23:41:29'),(350,'daf21c6b-09e0-472a-958a-36e136953c62',76,2,'1','2023-10-11 23:41:38','2023-10-11 23:41:38'),(351,'187d85e2-8750-4057-9c8e-3879a9d22aae',76,3,'0','2023-10-11 23:41:44','2023-10-11 23:41:44'),(352,'511d8b01-761b-4125-a7f8-ab5516459003',76,4,'1','2023-10-11 23:41:49','2023-10-11 23:41:49'),(353,'8a1c8a70-11d4-4d20-806a-12ef7625614c',76,5,'1','2023-10-11 23:41:57','2023-10-11 23:41:57'),(354,'d9041740-4108-4d8f-a682-68a318ea22e9',76,6,'0','2023-10-11 23:42:11','2023-10-11 23:42:11'),(355,'8d737494-224e-415b-92ed-fc86579e55dc',76,7,'0','2023-10-11 23:42:15','2023-10-11 23:42:15'),(356,'46f0809c-ea12-444a-b3ed-5a5b7b1473df',76,8,'1','2023-10-11 23:42:19','2023-10-11 23:42:19'),(357,'0d276da0-918a-433c-bd73-9c6e393fc37f',76,9,'1','2023-10-11 23:42:22','2023-10-11 23:42:22'),(358,'13a2e52c-118e-48b3-b726-5202df6ad791',76,10,'1','2023-10-11 23:42:27','2023-10-11 23:42:27'),(359,'a381727c-b0a5-408a-a7f1-5a40a55af9ef',76,11,'0','2023-10-11 23:42:36','2023-10-11 23:42:36'),(360,'3fa171c0-6d4f-467c-8e50-8542baa5831e',76,12,'1','2023-10-11 23:42:41','2023-10-11 23:42:41'),(361,'2ffb5f47-3e11-4ecf-9161-070a15c692b8',76,13,'1','2023-10-11 23:42:46','2023-10-11 23:42:46'),(362,'a082b9b7-3158-4d59-8196-dde7e6ba015b',76,14,'0','2023-10-11 23:42:52','2023-10-11 23:42:52'),(363,'88bc4634-0ff4-48d2-a06c-a90bb8d02867',76,15,'0','2023-10-11 23:43:00','2023-10-11 23:43:00'),(364,'b6f0a1cd-fd5a-4525-bb96-5a0c58cbe925',76,16,'1','2023-10-11 23:43:06','2023-10-11 23:43:06'),(365,'6e7afe52-4e1f-4cbb-b6bb-5a0777bb564f',76,17,'0','2023-10-11 23:43:12','2023-10-11 23:43:12'),(366,'644c99cb-df16-4c81-bb54-71b3179a9adb',76,18,'0','2023-10-11 23:43:15','2023-10-11 23:43:15'),(367,'bd14740e-d99e-4f04-9fa9-e3c5ebdfe0f8',76,19,'1','2023-10-11 23:43:18','2023-10-11 23:43:18'),(368,'3bed889a-7f8e-4680-84ec-8bf286498282',76,20,'0','2023-10-11 23:43:21','2023-10-11 23:43:21'),(369,'8732d0f0-501e-472b-bcbe-8679fa3b2f89',76,21,'0','2023-10-11 23:43:33','2023-10-11 23:43:33'),(370,'1fff9d98-59de-44ec-a105-b824982ebf32',76,22,'0','2023-10-11 23:43:40','2023-10-11 23:43:40'),(371,'7343a9ba-7520-401a-bd44-c2f1b1362f55',76,23,'0','2023-10-11 23:43:45','2023-10-11 23:43:45'),(372,'efddc5c5-5a2e-41db-be33-0396f6906fa0',76,24,'0','2023-10-11 23:43:50','2023-10-11 23:43:50'),(373,'d9d8b8f8-8e32-4c85-b81d-76edf0e25ebe',76,25,'0','2023-10-11 23:43:54','2023-10-11 23:43:54'),(374,'74c0ba39-370a-4e9d-acc9-c5c90d44f93f',76,26,'0','2023-10-11 23:43:59','2023-10-11 23:43:59'),(375,'4074dbf1-3788-4a69-a72d-f7b71e93bb3c',76,27,'0','2023-10-11 23:44:05','2023-10-11 23:44:05'),(376,'00a2cbd0-8218-423b-ad38-52655dd1021c',76,28,'0','2023-10-11 23:44:09','2023-10-11 23:44:09'),(377,'a599305b-9f2b-43e5-a08c-3ad6a908362f',76,29,'0','2023-10-11 23:44:14','2023-10-11 23:44:14'),(378,'24e41f43-e0b3-4d35-a026-7977938f0ce6',76,30,'0','2023-10-11 23:44:19','2023-10-11 23:44:19'),(379,'bda3bc74-9326-4e99-aced-2172d939b1a3',76,31,'0','2023-10-11 23:44:23','2023-10-11 23:44:23'),(380,'f2c46ff5-b4c3-4f8f-b867-5982f7053550',76,32,'0','2023-10-11 23:44:28','2023-10-11 23:44:28'),(381,'7b3c4ae4-13e2-42c5-918b-78b789efb99b',76,33,'0','2023-10-11 23:44:33','2023-10-11 23:44:33'),(382,'5d5fdc27-c717-44c9-bf2d-302aee8a3755',76,34,'0','2023-10-11 23:44:38','2023-10-11 23:44:38'),(383,'4476deae-68dc-465e-a09a-c26e96e07034',76,35,'0','2023-10-11 23:44:43','2023-10-11 23:44:43'),(384,'043c9993-4f4d-4993-b805-74f27bbe4ef7',76,36,'1','2023-10-11 23:45:01','2023-10-11 23:45:01'),(385,'b01cbfbd-0379-4732-be80-a335c65244c2',76,37,'0','2023-10-11 23:45:09','2023-10-11 23:45:09'),(386,'fd1a6ea7-8313-4092-8ea8-3d34e88c0f20',76,38,'0','2023-10-11 23:45:15','2023-10-11 23:45:15'),(387,'ce56cb5e-ba69-4cf0-8c82-813eda955469',76,39,'0','2023-10-11 23:45:19','2023-10-11 23:45:19'),(388,'5e30e92e-9bf5-42ee-a30b-1de9ae5507ca',76,40,'0','2023-10-11 23:45:23','2023-10-11 23:45:23'),(389,'5c42d050-de42-4c55-9a06-447273431f5f',76,41,'1','2023-10-11 23:45:27','2023-10-11 23:45:27'),(390,'a6b6b915-4d09-4798-9b18-90abb5af1ea8',76,42,'1','2023-10-11 23:45:36','2023-10-11 23:45:36'),(391,'119d4c50-d1b0-414e-a983-4d150d37e115',76,43,'0','2023-10-11 23:45:40','2023-10-11 23:45:40'),(392,'56aed320-8dd6-46e3-88d6-144d62acef0a',76,44,'0','2023-10-11 23:45:42','2023-10-11 23:45:42'),(393,'0b84cb9c-9f7c-4d29-88a8-ff4e190489fd',76,45,'0','2023-10-11 23:45:49','2023-10-11 23:45:49'),(394,'3e600bea-a15f-40fa-99e9-ba3570ba5a2d',76,46,'1','2023-10-11 23:45:51','2023-10-11 23:45:51'),(395,'f0dc9a05-72b5-4aa7-a23a-e77cc19f4cd8',76,47,'0','2023-10-11 23:45:53','2023-10-11 23:45:53'),(396,'280a3aa9-c9d0-4bf4-9df5-5f80e93a959e',76,48,'1','2023-10-11 23:45:55','2023-10-11 23:45:55'),(397,'9faaf9fe-8a68-472f-878e-43016109ef76',76,49,'1','2023-10-11 23:45:57','2023-10-11 23:45:57'),(398,'8630f3cb-74e4-4fd1-9cc9-db635366ed13',76,50,'0','2023-10-11 23:46:00','2023-10-11 23:46:00'),(399,'f5bcd80f-56da-4dda-9d8f-9e205b4bfb59',77,1,'1','2023-10-14 11:33:59','2023-10-14 11:33:59'),(400,'64d1162f-64e9-41e3-81d7-5606490838c3',77,2,'0','2023-10-14 11:34:01','2023-10-14 11:34:01'),(401,'98a2f22e-97ec-447c-ad31-fab46ef259ee',77,3,'0','2023-10-14 11:34:04','2023-10-14 11:34:04'),(402,'ff70979c-f622-49e1-93ca-33b73186afc4',77,4,'0','2023-10-14 11:34:06','2023-10-14 11:34:06'),(403,'78fca1ba-0599-4f74-9580-dff99196cb14',77,5,'0','2023-10-14 11:34:08','2023-10-14 11:34:08'),(404,'77f1b4e7-0659-4880-b2a7-19637e0d401a',77,6,'1','2023-10-14 11:34:10','2023-10-14 11:34:10'),(405,'2e2bb14a-2dd4-4174-ae69-04ec82a2f466',77,7,'0','2023-10-14 11:34:11','2023-10-14 11:34:11'),(406,'b0c7b53b-3684-4cc0-97bd-90703e0bee00',77,8,'1','2023-10-14 11:34:13','2023-10-14 11:34:13'),(407,'7c69208b-31bd-4d6a-98e5-112b71dca179',77,9,'0','2023-10-14 11:34:21','2023-10-14 11:34:21'),(408,'7b5e9adf-dfdd-4744-865a-7e177ca405f7',77,10,'0','2023-10-14 11:34:23','2023-10-14 11:34:23'),(409,'36a3a288-6811-4909-810e-df463b7e4dea',77,11,'0','2023-10-14 11:34:24','2023-10-14 11:34:24'),(410,'726aed87-43aa-43af-8446-cfac3c9f8ea1',77,12,'0','2023-10-14 11:34:26','2023-10-14 11:34:26'),(411,'94158329-a920-4145-ad7d-1b92321bb586',77,13,'1','2023-10-14 11:34:28','2023-10-14 11:34:28'),(412,'dc491564-dd63-47b8-9522-f23409685115',77,14,'0','2023-10-14 11:34:30','2023-10-14 11:34:30'),(413,'23d13634-d526-4472-ba70-a9cbd45b25fd',77,15,'0','2023-10-14 11:34:32','2023-10-14 11:34:32'),(414,'6426104a-979d-4d0c-ba62-1d6c464a446d',77,16,'0','2023-10-14 11:34:33','2023-10-14 11:34:33'),(415,'175cd7b9-e34d-40d1-ad00-96f4ae7103b7',77,17,'0','2023-10-14 11:34:35','2023-10-14 11:34:35'),(416,'16f83e68-f390-4b45-9217-d19e57f21ea8',77,18,'0','2023-10-14 11:34:36','2023-10-14 11:34:36'),(417,'0fc758b6-f571-43c9-b755-0109bdbbcf1d',77,19,'1','2023-10-14 11:34:38','2023-10-14 11:34:38'),(418,'70cef091-aeaa-4445-9b45-c21dda3bb1f2',77,20,'0','2023-10-14 11:34:42','2023-10-14 11:34:42'),(419,'cc9c816a-920f-48b1-bc3f-cbbb4c0bc3c8',77,21,'0','2023-10-14 11:34:47','2023-10-14 11:34:47'),(420,'d9501e6b-1cf0-4ddd-9195-45c7e0970493',77,22,'0','2023-10-14 11:34:51','2023-10-14 11:34:51'),(421,'199f549f-4388-4f50-80c7-e5aaf553ef58',77,23,'0','2023-10-14 11:34:54','2023-10-14 11:34:54'),(422,'54395040-ac52-4360-8b25-4c3d95a2a6af',77,24,'0','2023-10-14 11:34:56','2023-10-14 11:34:56'),(423,'1f23aba5-9eb0-46b3-af3d-fbe2fde2b567',77,25,'0','2023-10-14 11:34:59','2023-10-14 11:34:59'),(424,'939c3265-c7ca-465d-b885-306a70171170',77,26,'0','2023-10-14 11:35:03','2023-10-14 11:35:03'),(425,'b3b7dd8c-e68f-41d4-b862-74f979ebfa0f',77,27,'0','2023-10-14 11:35:17','2023-10-14 11:35:17'),(426,'f6c5e880-c3c7-4011-b03f-64a2a244d1f5',77,28,'0','2023-10-14 11:35:20','2023-10-14 11:35:20'),(427,'6a11e50c-a62b-4bbf-afa3-4c48ad1c990e',77,29,'0','2023-10-14 11:35:25','2023-10-14 11:35:25'),(428,'3ca13d71-48ab-499e-b409-a9f785caac83',77,30,'0','2023-10-14 11:35:38','2023-10-14 11:35:38'),(429,'410f0433-f3b2-458f-945a-19ab0996e5f2',77,31,'0','2023-10-14 11:35:43','2023-10-14 11:35:43'),(430,'4db948fe-0dd0-4a0c-b2ed-9dcb894c51ec',77,32,'0','2023-10-14 11:35:47','2023-10-14 11:35:47'),(431,'f3a12cfd-fbdf-4b0f-bb6e-ebf1c575b43e',77,33,'0','2023-10-14 11:35:50','2023-10-14 11:35:50'),(432,'a332ca34-a5c6-4e95-b180-e6758af0e13a',77,34,'0','2023-10-14 11:35:54','2023-10-14 11:35:54'),(433,'289dcaf2-c56e-47bc-9e23-969ecb640d9e',77,35,'0','2023-10-14 11:35:58','2023-10-14 11:35:58'),(434,'5a64bdca-b0f5-4a8d-82bb-e582c7c785f7',77,36,'0','2023-10-14 11:36:01','2023-10-14 11:36:01'),(435,'67727755-639f-4fa8-9a55-f0038927e45d',77,37,'0','2023-10-14 11:36:11','2023-10-14 11:36:11'),(436,'1a789490-4542-43af-9fda-1b5a9a6abcb0',77,38,'0','2023-10-14 11:36:17','2023-10-14 11:36:17'),(437,'9653ddbd-5a86-40be-83a0-7470d5c5fb9a',77,39,'0','2023-10-14 11:36:25','2023-10-14 11:36:25'),(438,'f1395c0c-69ba-42ed-b098-0fac951b9a4b',77,40,'0','2023-10-14 11:36:30','2023-10-14 11:36:30'),(439,'98b73901-4a8a-4860-8d6a-b364c4f4c0a9',77,41,'1','2023-10-14 11:36:40','2023-10-14 11:36:40'),(440,'237f5f85-5b99-4d23-b86d-770d545a675e',77,42,'0','2023-10-14 11:37:19','2023-10-14 11:37:19'),(441,'2448e931-23b2-4371-b56d-d775ae4d6fda',77,43,'0','2023-10-14 11:37:24','2023-10-14 11:37:24'),(442,'297eb35f-38b3-4c1a-9097-0f406b120991',77,44,'0','2023-10-14 11:37:26','2023-10-14 11:37:26'),(443,'637d3bde-148f-4c34-a9bb-c2deb3a242b9',77,45,'1','2023-10-14 11:37:28','2023-10-14 11:37:28'),(444,'29af8732-5dd9-40e6-a6b1-d558525c27a1',77,46,'1','2023-10-14 11:37:29','2023-10-14 11:37:29'),(445,'b1d2eb8a-3bc2-4e1b-84a5-4288c85bc8ec',77,47,'1','2023-10-14 11:37:30','2023-10-14 11:37:30'),(446,'773a7ff5-429b-492b-8ae4-694dcd0835c5',77,48,'1','2023-10-14 11:37:57','2023-10-14 11:37:57'),(447,'e940e378-4a0a-4d01-8b89-c86c7d4214ac',77,49,'0','2023-10-14 11:38:02','2023-10-14 11:38:02'),(448,'428c216f-3ce6-4db4-bac7-1b4aadf3cd8e',92,51,'0','2023-10-14 13:08:56','2023-10-14 13:08:56'),(449,'d12fd8ff-dc3b-4ca4-9359-f3a8baf2cf22',92,52,'0','2023-10-14 13:08:56','2023-10-14 13:08:56'),(450,'7a11e5dd-1b85-47eb-b82d-e9b5a787bd11',92,53,'0','2023-10-14 13:08:56','2023-10-14 13:08:56'),(451,'79d03322-12ba-421a-83e4-ed90a518014a',92,54,'0','2023-10-14 13:08:56','2023-10-14 13:08:56'),(452,'be8d1592-fe67-4864-9f4b-4881dc24be9a',92,55,'0','2023-10-14 13:08:56','2023-10-14 13:08:56'),(453,'c9790e49-bcd1-4eed-bbd3-ee445d317412',92,56,'0','2023-10-14 13:08:56','2023-10-14 13:08:56'),(454,'0c4fb0d0-cf93-4855-ab27-b2ea00f54149',92,57,'0','2023-10-14 13:08:56','2023-10-14 13:08:56'),(455,'0f461e43-7350-4e99-95e5-832e78be091a',92,58,'0','2023-10-14 13:08:56','2023-10-14 13:08:56'),(456,'68070b31-640d-4116-83aa-c841f3294584',92,59,'0','2023-10-14 13:08:56','2023-10-14 13:08:56'),(457,'550ef4ee-2454-4e98-8a7c-11ed24bf34f8',92,60,'0','2023-10-14 13:08:56','2023-10-14 13:08:56'),(458,'1135c7db-dffe-488b-bf2b-bf7456f55852',91,51,'0','2023-10-14 13:14:44','2023-10-14 13:14:44'),(459,'020fc50a-4875-4842-9db3-815edb6cbe11',91,52,'0','2023-10-14 13:14:44','2023-10-14 13:14:44'),(460,'af592a36-7f3d-4e25-999a-02381b7f75a0',91,53,'0','2023-10-14 13:14:44','2023-10-14 13:14:44'),(461,'388da672-7ea2-4f04-a2bc-6ebc0c381a16',91,54,'0','2023-10-14 13:14:44','2023-10-14 13:14:44'),(462,'99c0db21-8c2b-4780-84af-63d8cf8b3a77',91,55,'0','2023-10-14 13:14:44','2023-10-14 13:14:44'),(463,'b2fa50b2-37b3-47cf-a7d8-01be4339de31',91,56,'0','2023-10-14 13:14:44','2023-10-14 13:14:44'),(464,'690f7c24-c43c-44e7-ac5f-42e2167b9e36',91,57,'0','2023-10-14 13:14:44','2023-10-14 13:14:44'),(465,'ccbdb830-c49f-4925-bf6f-7f46688c2627',91,58,'0','2023-10-14 13:14:44','2023-10-14 13:14:44'),(466,'77784491-6a16-42de-b0aa-d15c1ce7205d',91,59,'0','2023-10-14 13:14:44','2023-10-14 13:14:44'),(467,'9b5d596c-e838-49d1-96e8-b7bf6c97f5f5',91,60,'0','2023-10-14 13:14:44','2023-10-14 13:14:44'),(478,'371472e0-e6cc-420b-8982-96b2f34e068a',94,51,'0','2023-10-14 13:22:31','2023-10-14 13:22:31'),(479,'f1a82831-676f-4428-99f6-c06f3755c7aa',94,52,'0','2023-10-14 13:22:31','2023-10-14 13:22:31'),(480,'99a94688-0481-4e60-a6e6-b07799be9bbf',94,53,'0','2023-10-14 13:22:31','2023-10-14 13:22:31'),(481,'70ee6497-93af-47fb-a1e3-7bd124ddf6d3',94,54,'0','2023-10-14 13:22:31','2023-10-14 13:22:31'),(482,'882a428b-f301-41a5-bb26-020d6bd6f1ed',94,55,'0','2023-10-14 13:22:31','2023-10-14 13:22:31'),(483,'a96d5afd-4288-43be-8916-64d60f5ea3ac',94,56,'0','2023-10-14 13:22:31','2023-10-14 13:22:31'),(484,'6b1cc45d-2b3e-4551-b6c7-606a7d0a5978',94,57,'0','2023-10-14 13:22:31','2023-10-14 13:22:31'),(485,'508a5cfc-6e87-4a2c-8518-126e65ebd133',94,58,'0','2023-10-14 13:22:31','2023-10-14 13:22:31'),(486,'966fac13-0bfb-4903-bf67-d33b9ee559af',94,59,'0','2023-10-14 13:22:31','2023-10-14 13:22:31'),(487,'7d81af3c-e8eb-45e2-89cc-c3296bbde135',94,60,'0','2023-10-14 13:22:31','2023-10-14 13:22:31'),(488,'ff823691-a5c6-498a-b6a2-16b2d8be9912',95,1,'0','2023-10-14 13:29:16','2023-10-14 13:29:16'),(489,'3789fa6d-9d91-40ee-8560-4db8b80d7ed7',95,2,'1','2023-10-14 13:29:19','2023-10-14 13:29:19'),(490,'63517ec9-0491-44c5-bb6b-dc967d2d2a30',95,3,'0','2023-10-14 13:29:21','2023-10-14 13:29:21'),(491,'59591285-f333-4682-8012-9381203450c9',95,4,'0','2023-10-14 13:29:23','2023-10-14 13:29:23'),(492,'457941ca-507e-4492-b8db-ed8a300958a7',95,5,'1','2023-10-14 13:29:25','2023-10-14 13:29:25'),(493,'ee7005e6-86e7-46e8-9593-1b81f948b2dd',95,6,'0','2023-10-14 13:29:28','2023-10-14 13:29:28'),(494,'3b2555b2-85ef-43cf-b297-f15fd2170ec1',95,7,'0','2023-10-14 13:29:30','2023-10-14 13:29:30'),(495,'b0323f23-e0a4-4284-ad1f-e5d9d5ce93ed',95,8,'0','2023-10-14 13:29:31','2023-10-14 13:29:31'),(496,'5803f3db-5878-4bfd-83b5-ddf3d813820d',95,9,'0','2023-10-14 13:29:33','2023-10-14 13:29:33'),(497,'bf54fd92-f608-453d-8603-941f63be41e7',95,10,'0','2023-10-14 13:29:57','2023-10-14 13:29:57'),(498,'6b0912b3-2e8d-4bca-b7e0-456289b17773',95,11,'0','2023-10-14 13:29:59','2023-10-14 13:29:59'),(499,'e4d39edf-4dc1-4384-9894-4d303ee26e4c',95,12,'1','2023-10-14 13:30:00','2023-10-14 13:30:00'),(500,'6fb01b6c-6015-4970-b898-2040d61ee5d2',95,13,'0','2023-10-14 13:30:02','2023-10-14 13:30:02'),(501,'3736c72c-eee6-4dd4-836e-6b479f8f7b40',95,14,'0','2023-10-14 13:30:09','2023-10-14 13:30:09'),(502,'8aae4193-0945-4397-bd34-ed2da073325d',95,15,'0','2023-10-14 13:30:11','2023-10-14 13:30:11'),(503,'2b89c226-e75c-400b-a104-9cbecbabe64c',95,16,'0','2023-10-14 13:30:13','2023-10-14 13:30:13'),(504,'3493e4b2-e06b-46a2-a766-9a30b3671a78',95,17,'0','2023-10-14 13:30:22','2023-10-14 13:30:22'),(505,'14d6e1f6-3c8d-4554-8d0c-220b82a02e87',95,18,'0','2023-10-14 13:30:23','2023-10-14 13:30:23'),(506,'2929d98a-f717-45a2-b8e9-50df7ac164c0',95,19,'0','2023-10-14 13:30:24','2023-10-14 13:30:24'),(507,'91338608-1e18-4eed-bee3-9fc626f70ca9',95,20,'0','2023-10-14 13:30:26','2023-10-14 13:30:26'),(508,'22bc3a08-b691-491b-a42d-e6c98f3092c6',95,21,'0','2023-10-14 13:30:29','2023-10-14 13:30:29'),(509,'07703159-ed50-4805-8fe9-e8c72467e4b0',95,22,'0','2023-10-14 13:30:32','2023-10-14 13:30:32'),(510,'c58e16c6-b171-480f-8eaf-31b283ddd941',95,23,'0','2023-10-14 13:30:34','2023-10-14 13:30:34'),(511,'11922bb3-cee8-4f48-a67e-0d57170c5ba1',95,24,'0','2023-10-14 13:30:40','2023-10-14 13:30:40'),(512,'e32db423-86e9-4e36-b701-a40cc680d04b',95,25,'0','2023-10-14 13:30:45','2023-10-14 13:30:45'),(513,'25161056-4c68-4f6f-80b2-f8c9c9dc6b96',95,26,'0','2023-10-14 13:30:47','2023-10-14 13:30:47'),(514,'6c36eb15-cb3f-4525-8937-78fe53fe3e8c',95,27,'0','2023-10-14 13:30:59','2023-10-14 13:30:59'),(515,'64f83310-141e-4cb6-94e2-5058cd87f612',95,28,'0','2023-10-14 13:31:01','2023-10-14 13:31:01'),(516,'887b5d28-ada9-4bde-b067-94aa6243c19a',95,29,'0','2023-10-14 13:31:05','2023-10-14 13:31:05'),(517,'b2e68d3d-dc71-4b71-bb80-d427703551ef',95,30,'0','2023-10-14 13:31:08','2023-10-14 13:31:08'),(518,'02e00b5a-1387-4a05-b1db-f3a11aeff440',95,31,'0','2023-10-14 13:31:15','2023-10-14 13:31:15'),(519,'11dffee7-afdb-4b93-b449-1f07c82e1c59',95,32,'0','2023-10-14 13:31:19','2023-10-14 13:31:19'),(520,'2c904bea-081e-4adb-bb6c-219e03f1189f',95,33,'0','2023-10-14 13:31:22','2023-10-14 13:31:22'),(521,'e2ca596e-de25-42d4-90d6-53655ca0d1ff',95,34,'0','2023-10-14 13:31:24','2023-10-14 13:31:24'),(522,'cbee0db5-9b76-4b7b-b5ac-e593fb89d146',95,35,'0','2023-10-14 13:31:28','2023-10-14 13:31:28'),(523,'0f305e56-c3ed-433e-9361-82451c89793f',95,36,'0','2023-10-14 13:31:31','2023-10-14 13:31:31'),(524,'581207fe-3ef8-4bb1-82d4-6ce893aebe38',95,37,'0','2023-10-14 13:31:34','2023-10-14 13:31:34'),(525,'9eaa9fee-60e0-4061-a8a4-b6d2a0c8cb35',95,38,'0','2023-10-14 13:31:36','2023-10-14 13:31:36'),(526,'bf63ab65-fa76-4529-bd83-4adcc4b175b5',95,39,'0','2023-10-14 13:31:43','2023-10-14 13:31:43'),(527,'3f6675c3-4466-4393-a3e4-1fb5b63e4df0',95,40,'0','2023-10-14 13:31:46','2023-10-14 13:31:46'),(528,'ec4f274b-6e3e-4dfc-a4a4-623b6c0de83e',95,41,'1','2023-10-14 13:31:52','2023-10-14 13:31:52'),(529,'b206a40e-697b-4b94-9ff7-73352b2868ec',95,42,'1','2023-10-14 13:31:53','2023-10-14 13:31:53'),(530,'1eab0502-c263-4fde-9ede-7ec7d6d0cba8',95,43,'0','2023-10-14 13:31:55','2023-10-14 13:31:55'),(531,'ba2a2b88-6d5f-4335-8741-bb69f20232ba',95,44,'1','2023-10-14 13:31:57','2023-10-14 13:31:57'),(532,'7a33137b-3e2f-4317-b0f7-0b8b4c4272c3',95,45,'0','2023-10-14 13:31:59','2023-10-14 13:31:59'),(533,'7e62e3fa-69b2-40ad-9c0b-00fdaa0d5c69',95,46,'0','2023-10-14 13:32:01','2023-10-14 13:32:01'),(534,'292ccd10-829b-4585-abb8-41ea3587855b',95,47,'1','2023-10-14 13:32:03','2023-10-14 13:32:03'),(535,'e60903ee-7558-4a2d-9e63-177d0b6b315e',95,48,'1','2023-10-14 13:32:05','2023-10-14 13:32:05'),(536,'b17e870a-7f9b-4ac3-a270-8ba7f975a333',95,49,'0','2023-10-14 13:32:06','2023-10-14 13:32:06'),(537,'0d0d1be2-8b86-4b45-b9bf-dd08532ff039',95,50,'0','2023-10-14 13:32:08','2023-10-14 13:32:08'),(538,'512f1126-da50-4606-ab54-4e75bc5cf7a1',93,51,'1','2023-10-14 13:32:39','2023-10-14 13:32:39'),(539,'c831fad7-e247-47b0-a8f4-bbbb19bbe90c',93,52,'1','2023-10-14 13:32:39','2023-10-14 13:32:39'),(540,'493377ac-4b7a-42b2-9a41-2f6ffe845755',93,53,'1','2023-10-14 13:32:39','2023-10-14 13:32:39'),(541,'3cb77dd2-3408-41c9-96ba-c31fb2f136d9',93,54,'1','2023-10-14 13:32:39','2023-10-14 13:32:39'),(542,'85da27ac-0c53-471d-8b00-97098d1a3f97',93,55,'0','2023-10-14 13:32:39','2023-10-14 13:32:39'),(543,'603e2782-e232-40f4-beeb-7b99a665dcbd',93,56,'0','2023-10-14 13:32:39','2023-10-14 13:32:39'),(544,'d66ebe9d-2735-49f6-a1c1-b0591066ccda',93,57,'1','2023-10-14 13:32:39','2023-10-14 13:32:39'),(545,'69f04115-a1ea-451e-9cee-f6f262806f88',93,58,'1','2023-10-14 13:32:39','2023-10-14 13:32:39'),(546,'da3d81f3-fd38-4fbf-a6d9-c1146cc37759',93,59,'1','2023-10-14 13:32:39','2023-10-14 13:32:39'),(547,'8c5c3635-8e9b-4a08-bfd9-ee0d44677e7e',93,60,'1','2023-10-14 13:32:39','2023-10-14 13:32:39'),(548,'28f2b0fe-21fb-433c-9695-fd2ba072d223',95,51,'0','2023-10-14 13:32:40','2023-10-14 13:32:40'),(549,'6a0695b7-e353-4bba-8b91-21bafb5795b9',95,52,'0','2023-10-14 13:32:40','2023-10-14 13:32:40'),(550,'f19155e9-a096-4876-85fe-f36c48a72634',95,53,'1','2023-10-14 13:32:40','2023-10-14 13:32:40'),(551,'7af9cdbe-f9e3-4fd6-be39-66c9c826a60e',95,54,'0','2023-10-14 13:32:40','2023-10-14 13:32:40'),(552,'ca1ccb60-efa8-44e7-845e-c5a8e5557c0f',95,55,'1','2023-10-14 13:32:40','2023-10-14 13:32:40'),(553,'07404d8a-e014-458d-beed-12f65c0a7a93',95,56,'0','2023-10-14 13:32:40','2023-10-14 13:32:40'),(554,'fc294bf8-587c-4d0c-8c8b-ffcd070f9fd1',95,57,'1','2023-10-14 13:32:40','2023-10-14 13:32:40'),(555,'ff852d8b-e420-4fb0-a3b2-89184a2c5ff0',95,58,'0','2023-10-14 13:32:40','2023-10-14 13:32:40'),(556,'294c7399-d426-457f-9b9b-22dc0ea21c40',95,59,'0','2023-10-14 13:32:40','2023-10-14 13:32:40'),(557,'c8ed41b7-ead7-472f-9c3e-0663db3c489e',95,60,'0','2023-10-14 13:32:40','2023-10-14 13:32:40'),(558,'8d6d4d38-9d91-466f-a0df-47be81597d53',93,51,'1','2023-10-14 13:33:32','2023-10-14 13:33:32'),(559,'92ce8f58-87d5-4357-b783-596ed404645d',93,52,'1','2023-10-14 13:33:32','2023-10-14 13:33:32'),(560,'41f2da8a-3671-4c78-b30a-53bf57afbe46',93,53,'1','2023-10-14 13:33:32','2023-10-14 13:33:32'),(561,'8be92cce-9eef-42fe-8238-c015429f5148',93,54,'1','2023-10-14 13:33:32','2023-10-14 13:33:32'),(562,'dba90936-ed4f-46f2-83ab-fb856dd74d06',93,55,'0','2023-10-14 13:33:32','2023-10-14 13:33:32'),(563,'7fa2ef1d-bbdf-4f5f-b2c0-13ecd5f557ea',93,56,'0','2023-10-14 13:33:32','2023-10-14 13:33:32'),(564,'65c6e205-80e8-46d0-a2dc-b9c51a5a278e',93,57,'1','2023-10-14 13:33:32','2023-10-14 13:33:32'),(565,'2250b066-e9cf-460b-88de-981a05aa45ee',93,58,'1','2023-10-14 13:33:32','2023-10-14 13:33:32'),(566,'ad63b5b3-e20a-40c0-b64d-c3201789d52b',93,59,'1','2023-10-14 13:33:32','2023-10-14 13:33:32'),(567,'3fa3d620-7513-423d-a6c4-816013e97e48',93,60,'1','2023-10-14 13:33:32','2023-10-14 13:33:32'),(568,'33ed7118-2154-41a0-b30d-3cc22c200458',3,51,'1','2023-10-14 13:35:40','2023-10-14 13:35:40'),(569,'de0c82b7-409d-4c7a-b414-857039888345',3,52,'1','2023-10-14 13:35:40','2023-10-14 13:35:40'),(570,'f6383bf1-8f9f-420b-b0e5-43e923cfd72e',3,53,'1','2023-10-14 13:35:40','2023-10-14 13:35:40'),(571,'7f821b34-a214-4ca3-ba8c-49aa676fa45c',3,54,'1','2023-10-14 13:35:40','2023-10-14 13:35:40'),(572,'1ce0887b-5bc3-4b70-b9a7-632f7cca0ab6',3,55,'0','2023-10-14 13:35:40','2023-10-14 13:35:40'),(573,'07f7da1d-6ab4-47f3-86e5-42b89ec01380',3,56,'0','2023-10-14 13:35:40','2023-10-14 13:35:40'),(574,'008129f1-456f-41d3-a9ac-1ed990cc86ab',3,57,'1','2023-10-14 13:35:40','2023-10-14 13:35:40'),(575,'b057958d-4f47-44a9-8d62-3a18d31e0736',3,58,'1','2023-10-14 13:35:40','2023-10-14 13:35:40'),(576,'e3afe76e-671c-4c2e-a610-62a2572a5fb4',3,59,'1','2023-10-14 13:35:40','2023-10-14 13:35:40'),(577,'44f02b60-8bac-4be5-b939-d17c40540146',3,60,'1','2023-10-14 13:35:40','2023-10-14 13:35:40'),(578,'94678cc7-81bc-4904-9ba1-1df0b66750b1',96,1,'0','2023-10-14 13:39:49','2023-10-14 13:39:49'),(579,'95be7895-175d-4071-aa34-a160298feea8',96,2,'0','2023-10-14 13:39:51','2023-10-14 13:39:51'),(580,'df83de97-973d-43a4-b5d0-9ec9800de6d8',96,3,'0','2023-10-14 13:39:53','2023-10-14 13:39:53'),(581,'af6371bc-af42-41f3-a82a-5b1d89c2df0c',96,4,'0','2023-10-14 13:39:54','2023-10-14 13:39:54'),(582,'966ac1b1-8900-4a78-821a-953149a2fa6e',96,5,'0','2023-10-14 13:39:56','2023-10-14 13:39:56'),(583,'ba0a538c-a5c1-4fa1-bf85-7de822494075',96,6,'1','2023-10-14 13:39:58','2023-10-14 13:39:58'),(584,'b484cc01-68ff-4a8c-b1e4-0ba17f42f2ee',96,7,'0','2023-10-14 13:39:59','2023-10-14 13:39:59'),(585,'68861d2b-6f0a-43de-8925-77e3be66a3d7',96,8,'0','2023-10-14 13:40:00','2023-10-14 13:40:00'),(586,'dc8dba03-c1c3-4038-b160-018a024559cc',96,9,'0','2023-10-14 13:40:02','2023-10-14 13:40:02'),(587,'c170da61-167d-4a79-80f9-8f42f3384754',96,10,'0','2023-10-14 13:40:04','2023-10-14 13:40:04'),(588,'a45a2e9b-33ec-4f6e-818c-1a7b21e059eb',96,11,'0','2023-10-14 13:40:05','2023-10-14 13:40:05'),(589,'6f848af3-5864-415a-9a01-268f5d48f8aa',96,12,'0','2023-10-14 13:40:06','2023-10-14 13:40:06'),(590,'ddd892f2-f7a4-49bc-a084-edb58f3dadba',96,13,'0','2023-10-14 13:40:08','2023-10-14 13:40:08'),(591,'27882fb9-f35b-4c27-8a0a-0dcbe62f84aa',96,14,'0','2023-10-14 13:40:09','2023-10-14 13:40:09'),(592,'c5d9baad-6320-4fcc-a8f3-203ed8327b88',96,15,'0','2023-10-14 13:40:10','2023-10-14 13:40:10'),(593,'090ba93d-4d10-4455-b8e0-6754cfe44dca',96,16,'0','2023-10-14 13:40:11','2023-10-14 13:40:11'),(594,'5f3bce80-0b85-4ae7-ac6c-cf717b0ab012',96,17,'0','2023-10-14 13:40:13','2023-10-14 13:40:13'),(595,'f70938c9-67a4-4d6d-a26b-f9d24cc907d5',96,18,'0','2023-10-14 13:40:14','2023-10-14 13:40:14'),(596,'ed0933bd-0095-4176-8a3b-73755e34b1a4',96,19,'0','2023-10-14 13:40:16','2023-10-14 13:40:16'),(597,'e2b05a3a-1882-44b8-8d4e-8fbc275ae15e',96,20,'0','2023-10-14 13:40:17','2023-10-14 13:40:17'),(598,'4796145b-2d22-4592-aa7e-87cc113742be',96,21,'0','2023-10-14 13:40:19','2023-10-14 13:40:19'),(599,'ceda1d2f-4f49-42ff-8575-c058eddbc891',96,22,'0','2023-10-14 13:40:23','2023-10-14 13:40:23'),(600,'1ea7dcde-8847-40e1-b5b4-5a2436f334d5',96,23,'0','2023-10-14 13:40:26','2023-10-14 13:40:26'),(601,'3dc6c923-1817-4c8b-81cf-c84aaaccfc28',96,24,'0','2023-10-14 13:40:29','2023-10-14 13:40:29'),(602,'01e0ca45-2928-4504-94d1-1063c4bba916',96,25,'0','2023-10-14 13:40:31','2023-10-14 13:40:31'),(603,'08d57c32-e1c3-4167-9e22-274bf1745354',96,26,'0','2023-10-14 13:40:34','2023-10-14 13:40:34'),(604,'ec80ef51-1c9e-4366-a3ac-7166b70a2ab1',96,27,'0','2023-10-14 13:40:36','2023-10-14 13:40:36'),(605,'c66add35-c495-42ba-83ce-837a1aba6858',96,28,'0','2023-10-14 13:40:40','2023-10-14 13:40:40'),(606,'4f99745d-aec1-40e5-81bb-d52206a289a5',96,29,'0','2023-10-14 13:40:43','2023-10-14 13:40:43'),(607,'5b2311ef-83b0-419a-a90d-b02f9be548ee',96,30,'0','2023-10-14 13:40:47','2023-10-14 13:40:47'),(608,'59b8eb73-06dd-4c93-839f-29081963e551',96,31,'0','2023-10-14 13:40:50','2023-10-14 13:40:50'),(609,'b0ff18f5-7a22-4914-a451-6c43f3ad311f',96,32,'0','2023-10-14 13:40:52','2023-10-14 13:40:52'),(610,'e8f14c62-8949-4c3c-95a6-ea6e0bf066f3',96,33,'0','2023-10-14 13:40:55','2023-10-14 13:40:55'),(611,'bfcbdc67-79bb-4d7e-af07-0ae07c3b7a78',96,34,'0','2023-10-14 13:41:03','2023-10-14 13:41:03'),(612,'b11d73f7-9b98-4344-8627-af068a747120',96,35,'0','2023-10-14 13:41:05','2023-10-14 13:41:05'),(613,'24dab812-0adb-4ee7-9226-4437448acc3a',96,36,'0','2023-10-14 13:41:08','2023-10-14 13:41:08'),(614,'32987968-b7c5-46d0-904a-6c417c41be46',96,37,'0','2023-10-14 13:41:11','2023-10-14 13:41:11'),(615,'ac596b64-3942-48b1-8104-d16f76c2626d',96,38,'0','2023-10-14 13:41:14','2023-10-14 13:41:14'),(616,'7dc075f6-0048-4b31-9786-7c4a704d25b9',96,39,'0','2023-10-14 13:41:16','2023-10-14 13:41:16'),(617,'477653d8-f27d-4736-903f-7b18ad6474f7',96,40,'0','2023-10-14 13:41:19','2023-10-14 13:41:19'),(618,'d8ce77cf-38c8-428d-9b6f-f8f4c2216507',96,41,'1','2023-10-14 13:41:22','2023-10-14 13:41:22'),(619,'52876800-f146-40b3-abb2-528683a4db6f',96,42,'1','2023-10-14 13:41:27','2023-10-14 13:41:27'),(620,'a452a6c6-0000-49ee-aff8-eaecbf8bdee8',96,43,'0','2023-10-14 13:41:29','2023-10-14 13:41:29'),(621,'59a2b4c4-07f5-4ef7-b70d-0fdb8cf42780',96,44,'1','2023-10-14 13:41:30','2023-10-14 13:41:30'),(622,'6321a23c-4136-4907-8779-8b438571c6f9',96,45,'1','2023-10-14 13:41:31','2023-10-14 13:41:31'),(623,'aa72e46c-e391-45e4-8c85-86229f43fff9',96,46,'0','2023-10-14 13:41:32','2023-10-14 13:41:32'),(624,'ebfc00d7-e8e9-426e-881c-258413e402a8',96,47,'0','2023-10-14 13:41:33','2023-10-14 13:41:33'),(625,'9dc1b37e-e5b6-4d50-bb52-7bdd32f3e460',96,48,'0','2023-10-14 13:41:35','2023-10-14 13:41:35'),(626,'ebbccb1f-bce5-4545-84ab-4a5a9cf24c3c',96,49,'0','2023-10-14 13:41:36','2023-10-14 13:41:36'),(627,'eb0539c4-eadf-4cf4-9052-4751d2ab3158',96,50,'0','2023-10-14 13:41:37','2023-10-14 13:41:37'),(628,'4883ef5f-56b1-4a16-b52e-666189a89a14',96,51,'0','2023-10-14 13:41:43','2023-10-14 13:41:43'),(629,'d873f343-97af-4932-9f64-64fb58c06ca3',96,52,'0','2023-10-14 13:41:43','2023-10-14 13:41:43'),(630,'84e422e5-8ca9-4ea9-8dde-3299929f4e58',96,53,'0','2023-10-14 13:41:43','2023-10-14 13:41:43'),(631,'909d29d7-a798-4094-b4a3-c9ba283c4efc',96,54,'0','2023-10-14 13:41:43','2023-10-14 13:41:43'),(632,'dbc81073-ab9e-48f4-b6ce-4e459b5548c2',96,55,'0','2023-10-14 13:41:43','2023-10-14 13:41:43'),(633,'8316a56e-de4e-41fe-b2bf-2ecd3047c006',96,56,'0','2023-10-14 13:41:43','2023-10-14 13:41:43'),(634,'62635259-2a99-43cb-be93-1e1af880de00',96,57,'1','2023-10-14 13:41:43','2023-10-14 13:41:43'),(635,'77fcba56-f0fa-4bf8-9a3c-817f5ee0c5cf',96,58,'0','2023-10-14 13:41:43','2023-10-14 13:41:43'),(636,'3234a51a-9c4d-4771-98f7-057f53f20dd0',96,59,'0','2023-10-14 13:41:43','2023-10-14 13:41:43'),(637,'1315cd75-e248-486b-a1c4-4a5936b4b156',96,60,'0','2023-10-14 13:41:43','2023-10-14 13:41:43'),(638,'0ec88e22-c903-4fe6-b0e4-5c6350b93a43',96,51,'0','2023-10-14 13:41:50','2023-10-14 13:41:50'),(639,'4ed673c8-9a76-4ebd-a64a-4a6b32e8d590',96,52,'0','2023-10-14 13:41:50','2023-10-14 13:41:50'),(640,'8329a8ab-c928-49fa-9bd3-6cc23fc6f5d5',96,53,'0','2023-10-14 13:41:50','2023-10-14 13:41:50'),(641,'306d83b7-b29a-491a-9228-0ecb6d888a85',96,54,'0','2023-10-14 13:41:50','2023-10-14 13:41:50'),(642,'6817b593-0e43-4ef5-a1fd-1474b5f4a545',96,55,'0','2023-10-14 13:41:50','2023-10-14 13:41:50'),(643,'85fd4f80-7f63-4ff2-84fc-ef63240d5900',96,56,'0','2023-10-14 13:41:50','2023-10-14 13:41:50'),(644,'462a602b-81b4-4b4c-a2c9-f928934194f7',96,57,'1','2023-10-14 13:41:50','2023-10-14 13:41:50'),(645,'46bedff8-fdb9-4d87-aef1-db72af450419',96,58,'0','2023-10-14 13:41:50','2023-10-14 13:41:50'),(646,'c4dccccc-1dff-4d6c-b33f-e29530d198d7',96,59,'0','2023-10-14 13:41:50','2023-10-14 13:41:50'),(647,'6b6e2d41-2e0f-4604-8181-455f9ba2a908',96,60,'0','2023-10-14 13:41:50','2023-10-14 13:41:50'),(648,'e2e9ac8b-9430-47a5-9fc5-df66339913b4',96,51,'0','2023-10-14 13:42:38','2023-10-14 13:42:38'),(649,'6d2dfc3a-d2ec-4fa4-bef7-2903dd600046',96,52,'0','2023-10-14 13:42:38','2023-10-14 13:42:38'),(650,'fbba8aad-c635-478b-a2ac-a0d0ac4d2b91',96,53,'0','2023-10-14 13:42:38','2023-10-14 13:42:38'),(651,'bb880168-92d4-467a-8b44-67109499e287',96,54,'0','2023-10-14 13:42:38','2023-10-14 13:42:38'),(652,'e74a499c-57c0-494c-b7f7-a3704b56cc4a',96,55,'0','2023-10-14 13:42:38','2023-10-14 13:42:38'),(653,'fd7b0374-ea3a-49f9-8ce9-1a1a25664f7e',96,56,'0','2023-10-14 13:42:38','2023-10-14 13:42:38'),(654,'fd32a82f-9064-425c-9187-a7a9f6fb4e7b',96,57,'1','2023-10-14 13:42:38','2023-10-14 13:42:38'),(655,'3bd0b24b-f293-42d8-a395-08b9dbeb30d9',96,58,'0','2023-10-14 13:42:38','2023-10-14 13:42:38'),(656,'333ea3d2-29f5-4ff0-a9ea-e561ce47588d',96,59,'0','2023-10-14 13:42:38','2023-10-14 13:42:38'),(657,'64c95d4b-2a5c-42cb-8741-dc781d08a4a2',96,60,'0','2023-10-14 13:42:38','2023-10-14 13:42:38'),(658,'7f6cecf4-3445-49c7-a992-701aaebccbb2',96,51,'0','2023-10-14 13:42:58','2023-10-14 13:42:58'),(659,'e24be6ae-2f71-4c64-b2c6-3901a34396f9',96,52,'0','2023-10-14 13:42:58','2023-10-14 13:42:58'),(660,'8ad907b5-904f-4af5-b344-3a060af7dfcc',96,53,'0','2023-10-14 13:42:58','2023-10-14 13:42:58'),(661,'3c2f3874-f8d8-4909-8523-c645e6520a02',96,54,'0','2023-10-14 13:42:58','2023-10-14 13:42:58'),(662,'b6ebee24-5bd5-4cb1-8dcf-da5e682977f8',96,55,'0','2023-10-14 13:42:58','2023-10-14 13:42:58'),(663,'bb44b505-670e-484f-a514-1c35145a783a',96,56,'0','2023-10-14 13:42:58','2023-10-14 13:42:58'),(664,'6de565d5-3b79-4bcb-84b9-a06cca3dabcc',96,57,'1','2023-10-14 13:42:58','2023-10-14 13:42:58'),(665,'13b65c31-2886-426c-bf76-be38f298722e',96,58,'0','2023-10-14 13:42:58','2023-10-14 13:42:58'),(666,'ab0adb89-c256-449c-b552-c8993df0989f',96,59,'0','2023-10-14 13:42:58','2023-10-14 13:42:58'),(667,'1592ce50-ba49-467f-b78f-27acc343d3c9',96,60,'0','2023-10-14 13:42:58','2023-10-14 13:42:58'),(668,'c95ebf24-9c77-4f62-af4a-3255731c5d55',97,1,'0','2023-10-14 16:29:41','2023-10-14 16:29:41'),(669,'f4531e3a-cd50-43aa-b9e6-58f5d2ea2130',97,2,'0','2023-10-14 16:29:43','2023-10-14 16:29:43'),(670,'0799681b-f1fe-4c3c-9126-f9cb3e4bc144',97,3,'0','2023-10-14 16:29:44','2023-10-14 16:29:44'),(671,'7bc982e7-44a6-454e-bb94-de23b708fc11',97,4,'0','2023-10-14 16:29:46','2023-10-14 16:29:46'),(672,'94bbe91d-65e1-461a-8ebd-2ab0f43f653b',97,5,'0','2023-10-14 16:29:48','2023-10-14 16:29:48'),(673,'f02e6b9b-d264-4828-bba1-71292785122d',97,6,'1','2023-10-14 16:29:50','2023-10-14 16:29:50'),(674,'cf1eefbc-d648-4918-be61-83d68ba2a47f',97,7,'0','2023-10-14 16:29:51','2023-10-14 16:29:51'),(675,'200fab67-db85-44cc-9ff1-0916a618d7e1',97,8,'0','2023-10-14 16:29:53','2023-10-14 16:29:53'),(676,'fd18460f-182f-49fc-be0f-972af934dca8',97,9,'0','2023-10-14 16:29:54','2023-10-14 16:29:54'),(677,'6433ffc1-770d-480e-b12b-abf158c7373e',97,10,'0','2023-10-14 16:29:56','2023-10-14 16:29:56'),(678,'36ccc417-c4ee-4374-9d54-7754aa77aa04',97,11,'0','2023-10-14 16:29:58','2023-10-14 16:29:58'),(679,'35f774fa-234c-4ff1-be6e-fcabc810cc33',97,12,'0','2023-10-14 16:29:59','2023-10-14 16:29:59'),(680,'25671abd-d6d1-4037-ab2b-510e559e95ac',97,13,'0','2023-10-14 16:30:01','2023-10-14 16:30:01'),(681,'3c3da2eb-c372-49d8-a97d-f89e589892ad',97,14,'0','2023-10-14 16:30:02','2023-10-14 16:30:02'),(682,'b8425ba5-504a-4dc2-a391-50bdf05d4233',97,15,'1','2023-10-14 16:30:04','2023-10-14 16:30:04'),(683,'30d76338-8b6d-4d6c-90d7-06b7a8a5ecb8',97,16,'0','2023-10-14 16:30:05','2023-10-14 16:30:05'),(684,'bd3faec6-00c2-4310-9c87-2bcb67789381',97,17,'0','2023-10-14 16:30:06','2023-10-14 16:30:06'),(685,'8f908762-2e85-4319-9d64-088e700a3f18',97,18,'0','2023-10-14 16:30:08','2023-10-14 16:30:08'),(686,'1b4a79df-2ac2-4827-8092-84259be45726',97,19,'0','2023-10-14 16:30:09','2023-10-14 16:30:09'),(687,'ea76e011-9d40-460f-a62e-37cef5ac123d',97,20,'0','2023-10-14 16:30:10','2023-10-14 16:30:10'),(688,'58f4df38-9e57-4138-bf12-3778f96e0a87',97,21,'0','2023-10-14 16:30:13','2023-10-14 16:30:13'),(689,'63302b8f-5b19-4c67-b8c3-b1f5915d694c',97,22,'0','2023-10-14 16:30:18','2023-10-14 16:30:18'),(690,'fe9e1612-704e-4962-af32-aa3b326543ae',97,23,'0','2023-10-14 16:30:21','2023-10-14 16:30:21'),(691,'0707b264-0498-40b2-b82c-6b9e3e9fcaa2',97,24,'0','2023-10-14 16:30:23','2023-10-14 16:30:23'),(692,'068ceed4-7dfe-4f4c-afa2-bc474f667271',97,25,'0','2023-10-14 16:30:27','2023-10-14 16:30:27'),(693,'e3225f5f-186e-4ac8-8846-15d1da3b4406',97,26,'0','2023-10-14 16:30:31','2023-10-14 16:30:31'),(694,'4b914c87-66d9-47e8-844c-7324dc5bea8b',97,27,'0','2023-10-14 16:30:33','2023-10-14 16:30:33'),(695,'be6ac9b1-4d5a-4767-a2d7-9ca54ae1f80f',97,28,'0','2023-10-14 16:30:37','2023-10-14 16:30:37'),(696,'d8d517cb-ed20-4122-8b0f-9a5b10081dc4',97,29,'0','2023-10-14 16:30:40','2023-10-14 16:30:40'),(697,'06f1029e-7f1b-4eda-9d1a-b00156023d00',97,30,'0','2023-10-14 16:30:43','2023-10-14 16:30:43'),(698,'76cb81a5-bc06-4c68-a352-019d4b5d08d3',97,31,'0','2023-10-14 16:30:51','2023-10-14 16:30:51'),(699,'71f9d548-fdc0-46c4-a210-522d4d34bf27',97,32,'0','2023-10-14 16:30:55','2023-10-14 16:30:55'),(700,'f1fc8b45-2e54-4cbe-a8dc-e11485985f89',97,33,'0','2023-10-14 16:30:57','2023-10-14 16:30:57'),(701,'c40920da-520d-4bea-ab17-0fc3cd435dfa',97,34,'0','2023-10-14 16:31:00','2023-10-14 16:31:00'),(702,'879f1dd1-a317-4b6c-8284-f867196b4b27',97,35,'0','2023-10-14 16:31:03','2023-10-14 16:31:03'),(703,'5684a085-0c69-4cc6-b158-ea1c8e263d72',97,36,'0','2023-10-14 16:31:06','2023-10-14 16:31:06'),(704,'a886c11e-a353-4dc7-a9f5-e245fd1e13ba',97,37,'0','2023-10-14 16:31:08','2023-10-14 16:31:08'),(705,'2716958d-4307-4701-bbfc-595b10f4709e',97,38,'0','2023-10-14 16:31:11','2023-10-14 16:31:11'),(706,'5eff809e-0e48-4760-8553-d2243cdfdb7e',97,39,'0','2023-10-14 16:31:14','2023-10-14 16:31:14'),(707,'b76e1d77-9f24-4aee-8d6e-c76142c07c90',97,40,'0','2023-10-14 16:31:17','2023-10-14 16:31:17'),(708,'835b75ac-909f-40c6-97c7-895079465ffe',97,41,'1','2023-10-14 16:31:19','2023-10-14 16:31:19'),(709,'9934f15c-6821-41e9-82b9-ad081a26f21f',97,42,'1','2023-10-14 16:31:21','2023-10-14 16:31:21'),(710,'6fa17f96-9019-4b68-bee0-9df8c2c70868',97,43,'0','2023-10-14 16:31:24','2023-10-14 16:31:24'),(711,'cae7c1a7-9e74-4f86-af96-56a2690cdf5a',97,44,'1','2023-10-14 16:31:25','2023-10-14 16:31:25'),(712,'b9e2b2ba-a98e-4900-b37d-ce7e67ce0f58',97,45,'1','2023-10-14 16:31:27','2023-10-14 16:31:27'),(713,'915b65f9-eb0e-490e-aab2-9d3e833486e0',97,46,'0','2023-10-14 16:31:28','2023-10-14 16:31:28'),(714,'c352db39-4d05-41b7-b761-99be6d944c11',97,47,'1','2023-10-14 16:31:29','2023-10-14 16:31:29'),(715,'a23feb6e-04b5-4f86-9ee2-70aaf4271da1',97,48,'0','2023-10-14 16:31:30','2023-10-14 16:31:30'),(716,'bc01c96f-2c42-4588-a714-858ca44fb796',97,49,'0','2023-10-14 16:31:32','2023-10-14 16:31:32'),(717,'2af60202-f070-4e81-b21a-5245435b7f95',97,50,'0','2023-10-14 16:31:33','2023-10-14 16:31:33'),(718,'4d319761-003c-4325-8449-f5af20a2b907',97,51,'0','2023-10-14 16:31:39','2023-10-14 16:31:39'),(719,'0563048d-24b6-4e07-bd37-6d5ca1b0c7c8',97,52,'0','2023-10-14 16:31:39','2023-10-14 16:31:39'),(720,'33966210-598b-4e50-b056-ae744aabb4eb',97,53,'0','2023-10-14 16:31:39','2023-10-14 16:31:39'),(721,'2d9031f8-3f7f-4e89-9761-e7f8d01f36b3',97,54,'0','2023-10-14 16:31:39','2023-10-14 16:31:39'),(722,'6567b500-7522-44bb-b073-5f4eaa1410fd',97,55,'0','2023-10-14 16:31:39','2023-10-14 16:31:39'),(723,'48c45c66-50a3-4883-88f0-d4022118ec1c',97,56,'1','2023-10-14 16:31:39','2023-10-14 16:31:39'),(724,'f2061bd4-94be-49a8-a685-526ec5292a45',97,57,'0','2023-10-14 16:31:39','2023-10-14 16:31:39'),(725,'0aa0083c-70ba-48f6-816b-bc0342eb7928',97,58,'0','2023-10-14 16:31:39','2023-10-14 16:31:39'),(726,'d86cd116-6c0e-431e-a2c4-6a6008ad5225',97,59,'0','2023-10-14 16:31:39','2023-10-14 16:31:39'),(727,'84d13b43-4431-4ff4-bf53-567eb6ba8d5b',97,60,'0','2023-10-14 16:31:39','2023-10-14 16:31:39'),(728,'80ef7aa4-5a54-4c69-9e77-0ae082a85dbd',98,1,'0','2023-10-14 16:32:42','2023-10-14 16:32:42'),(729,'95f41610-1fca-4353-a121-7f20550026b0',98,2,'0','2023-10-14 16:32:45','2023-10-14 16:32:45'),(730,'ef976332-8b90-4b24-a6f9-d4f05cf94b06',98,3,'0','2023-10-14 16:32:46','2023-10-14 16:32:46'),(731,'b144808c-af7e-414d-85ee-42e47b5b1d06',98,4,'0','2023-10-14 16:32:48','2023-10-14 16:32:48'),(732,'96545968-de01-4c4c-8e32-f736a5dd7e6d',98,5,'0','2023-10-14 16:32:49','2023-10-14 16:32:49'),(733,'b9684280-668f-4513-ad84-e77366b82fe7',98,6,'1','2023-10-14 16:32:51','2023-10-14 16:32:51'),(734,'4cd27bbd-762b-4a58-a9aa-e32303d2e756',98,7,'0','2023-10-14 16:32:56','2023-10-14 16:32:56'),(735,'85b3e12d-bc70-4f1c-a381-8ad839c3db5d',98,8,'0','2023-10-14 16:32:58','2023-10-14 16:32:58'),(736,'2832dd00-5c55-49fa-8893-0b6cf84e967e',98,9,'0','2023-10-14 16:32:59','2023-10-14 16:32:59'),(737,'26f70ba3-d80d-4fb8-a1f4-a98a99301f95',98,10,'0','2023-10-14 16:33:00','2023-10-14 16:33:00'),(738,'f4a2069c-b1fd-4f97-a0f8-ff1be9b02997',98,11,'0','2023-10-14 16:33:02','2023-10-14 16:33:02'),(739,'550ef991-fad5-475d-a0ba-283cf77021e7',98,12,'0','2023-10-14 16:33:04','2023-10-14 16:33:04'),(740,'8ad30e34-1d28-4f20-99f7-6a4715d83373',98,13,'0','2023-10-14 16:33:05','2023-10-14 16:33:05'),(741,'7b758bc1-46d2-4fe3-9d67-8264701bfce5',98,14,'0','2023-10-14 16:33:06','2023-10-14 16:33:06'),(742,'9c4ae23c-1515-485f-866d-fcac9b9392de',98,15,'1','2023-10-14 16:33:08','2023-10-14 16:33:08'),(743,'7301c05f-abc6-4bf0-a822-ffbefbc7fc8b',98,16,'0','2023-10-14 16:33:10','2023-10-14 16:33:10'),(744,'50c97d0a-dac2-4e0c-813c-1a6292e3b59d',98,17,'0','2023-10-14 16:33:11','2023-10-14 16:33:11'),(745,'e4e6f275-ecfc-46ce-94ed-720d3d2839d7',98,18,'0','2023-10-14 16:33:12','2023-10-14 16:33:12'),(746,'a17b3d6f-435f-4106-800b-63f483a222a2',98,19,'0','2023-10-14 16:33:14','2023-10-14 16:33:14'),(747,'e1f1149e-4ea0-45f6-8081-b7509c38b03c',98,20,'0','2023-10-14 16:33:15','2023-10-14 16:33:15'),(748,'6edf3b15-1137-48d3-bf04-dd2484ba297f',98,21,'0','2023-10-14 16:33:17','2023-10-14 16:33:17'),(749,'b75c4379-89eb-457a-8101-a077a87c19e3',98,22,'0','2023-10-14 16:33:20','2023-10-14 16:33:20'),(750,'98344808-86ab-4113-9c0e-5909d3c69047',98,23,'0','2023-10-14 16:33:23','2023-10-14 16:33:23'),(751,'0781b42f-562b-452c-9b16-5d4a9d28329c',98,24,'0','2023-10-14 16:33:26','2023-10-14 16:33:26'),(752,'c4206564-cd02-492d-adff-62265fbf4572',98,25,'0','2023-10-14 16:33:29','2023-10-14 16:33:29'),(753,'b0d1bacf-146d-44c6-9447-6aa3ad58896a',98,26,'0','2023-10-14 16:33:31','2023-10-14 16:33:31'),(754,'a75e808d-3907-48c3-8f7f-029a8431e232',98,27,'0','2023-10-14 16:33:34','2023-10-14 16:33:34'),(755,'783332e2-43db-4b7d-b822-1c0b76045337',98,28,'0','2023-10-14 16:33:37','2023-10-14 16:33:37'),(756,'aa238321-35b6-4e2a-a1ad-7cff2a7d6bc9',98,29,'0','2023-10-14 16:33:39','2023-10-14 16:33:39'),(757,'f97a4f15-cd4d-4087-b494-7607c69f8699',98,30,'0','2023-10-14 16:33:42','2023-10-14 16:33:42'),(758,'d807b052-161a-40f9-912c-5906a02619ae',98,31,'0','2023-10-14 16:33:45','2023-10-14 16:33:45'),(759,'066cb97d-f6d6-4a1d-abcb-cf706a448cbc',98,32,'0','2023-10-14 16:33:48','2023-10-14 16:33:48'),(760,'bf56e480-9cad-4adc-a912-008ddd596673',98,33,'0','2023-10-14 16:33:51','2023-10-14 16:33:51'),(761,'c7d17e0f-0173-4c22-8dfd-a36e80f94811',98,34,'0','2023-10-14 16:33:53','2023-10-14 16:33:53'),(762,'309219a9-d665-4a08-8b1e-10f36415486a',98,35,'0','2023-10-14 16:33:56','2023-10-14 16:33:56'),(763,'b59678f6-13b8-429d-9559-722919e509fa',98,36,'0','2023-10-14 16:33:59','2023-10-14 16:33:59'),(764,'f6bdd1c4-b8df-4b6a-bb6f-c1eeeba4d0fb',98,37,'0','2023-10-14 16:34:02','2023-10-14 16:34:02'),(765,'146f04c3-5b7f-45e6-986f-893b4a7b730a',98,38,'0','2023-10-14 16:34:04','2023-10-14 16:34:04'),(766,'1978a9c8-725a-4415-852e-097d09addac1',98,39,'0','2023-10-14 16:34:07','2023-10-14 16:34:07'),(767,'a5d2d2a6-384e-4823-ab8d-b8db49af6328',98,40,'0','2023-10-14 16:34:09','2023-10-14 16:34:09'),(768,'65c4bbe2-13df-4264-99d0-f4f30c8ca121',98,41,'0','2023-10-14 16:34:12','2023-10-14 16:34:12'),(769,'e4f10484-d760-4d12-806b-503a3af05799',98,42,'1','2023-10-14 16:34:14','2023-10-14 16:34:14'),(770,'93ba9e9a-3903-4e57-9a11-7196bef49f70',98,43,'0','2023-10-14 16:34:16','2023-10-14 16:34:16'),(771,'047eb254-21e1-463e-9961-a477eded5a0f',98,44,'1','2023-10-14 16:34:17','2023-10-14 16:34:17'),(772,'da390211-123c-484c-b294-075ec5b6b608',98,45,'1','2023-10-14 16:34:18','2023-10-14 16:34:18'),(773,'f88b9473-b9af-42b7-a879-323eff048cde',98,46,'0','2023-10-14 16:34:20','2023-10-14 16:34:20'),(774,'ddcf8ffe-d15e-4744-b39e-4a087420f9f4',98,47,'1','2023-10-14 16:34:21','2023-10-14 16:34:21'),(775,'e4463ccd-865f-4ed2-8691-26eeb66e5cc8',98,48,'0','2023-10-14 16:34:22','2023-10-14 16:34:22'),(776,'539e6f40-5fb6-445c-b086-55e5b6a80c8f',98,49,'0','2023-10-14 16:34:24','2023-10-14 16:34:24'),(777,'f4dd4d25-951a-4910-9dff-d99f5870c6be',98,50,'0','2023-10-14 16:34:27','2023-10-14 16:34:27'),(778,'7dec0fa9-d3d1-4455-9a1b-62d36e45aeac',99,41,'0','2023-10-14 16:36:53','2023-10-14 16:36:53'),(779,'c6d4a6a0-cbf3-43d9-ab2d-1a4272accc0b',99,42,'1','2023-10-14 16:36:56','2023-10-14 16:36:56'),(780,'49b1ea08-1e2f-4fdb-a405-4dfb6559612a',99,43,'1','2023-10-14 16:36:58','2023-10-14 16:36:58'),(781,'9114a649-e9ab-48da-a0fc-8b37b382e71d',99,44,'1','2023-10-14 16:37:00','2023-10-14 16:37:00'),(782,'85413bfb-f835-444c-9962-4e64af9981bc',99,45,'1','2023-10-14 16:37:02','2023-10-14 16:37:02'),(783,'0cc2300c-bfba-48eb-a701-2875cac1c34b',99,46,'0','2023-10-14 16:37:04','2023-10-14 16:37:04'),(784,'894f95f4-33fe-42c3-a1eb-1579db55b343',99,47,'1','2023-10-14 16:37:06','2023-10-14 16:37:06'),(785,'d55b8a0b-e794-4480-bc0d-2809af1265a9',99,48,'0','2023-10-14 16:37:07','2023-10-14 16:37:07'),(786,'996777c9-4bba-4903-9e98-4007788badf5',99,49,'1','2023-10-14 16:37:09','2023-10-14 16:37:09'),(787,'e280a26d-9c0e-4375-8858-e82cbb16db82',99,50,'0','2023-10-14 16:37:10','2023-10-14 16:37:10'),(788,'e31bed57-9aa2-4347-92bd-b8a7c4f31e60',100,41,'1','2023-10-14 16:37:43','2023-10-14 16:37:43'),(789,'42b37fb7-6224-40d4-bf55-8e68b46f948a',100,42,'1','2023-10-14 16:38:00','2023-10-14 16:38:00'),(790,'0ae61d00-0870-4f0a-8fb4-0cb006e11629',100,43,'0','2023-10-14 16:38:04','2023-10-14 16:38:04'),(791,'701e41e5-0fee-43b6-a221-aa6f4b2adedd',100,44,'1','2023-10-14 16:38:07','2023-10-14 16:38:07'),(792,'0b1bdf29-0496-4334-a0f5-7e660072c2ec',100,45,'0','2023-10-14 16:38:11','2023-10-14 16:38:11'),(793,'b0035cb5-81a9-4b74-82e1-3d198335ec87',100,46,'0','2023-10-14 16:38:13','2023-10-14 16:38:13'),(794,'c2ecad4f-c30b-4e1b-af14-2965b2d795f1',100,47,'1','2023-10-14 16:38:15','2023-10-14 16:38:15'),(795,'7c66bd78-b642-46a0-8ae8-6624db4ef8c8',100,48,'0','2023-10-14 16:38:18','2023-10-14 16:38:18'),(796,'3230c70a-6100-499f-a58a-eb741b5b30b2',100,49,'0','2023-10-14 16:38:23','2023-10-14 16:38:23'),(797,'505914e0-b27e-464a-b68c-e10afd717190',100,50,'1','2023-10-14 16:38:25','2023-10-14 16:38:25'),(798,'bc5d3f89-318e-4cf5-b929-88247578274e',101,1,'0','2023-10-14 16:39:03','2023-10-14 16:39:03'),(799,'ee13d9f0-103d-4ea7-9d0b-94271f29d104',101,2,'0','2023-10-14 16:39:06','2023-10-14 16:39:06'),(800,'7e85eb06-aea1-41cc-9f34-452ce5c23b1b',101,3,'0','2023-10-14 16:39:08','2023-10-14 16:39:08'),(801,'138434f2-befa-42ef-b360-eb4c7ad534e2',101,4,'0','2023-10-14 16:39:09','2023-10-14 16:39:09'),(802,'586d3f25-b539-4cf0-93b0-a76a38a34509',101,5,'0','2023-10-14 16:39:10','2023-10-14 16:39:10'),(803,'4048e3b3-1a02-4abb-9612-2497dc5612d9',101,6,'1','2023-10-14 16:39:12','2023-10-14 16:39:12'),(804,'500e22c9-0b06-426d-ae39-8c224bdbdaf4',101,7,'0','2023-10-14 16:39:15','2023-10-14 16:39:15'),(805,'56dd61a3-8466-44d9-a670-29edbeaad1ec',101,8,'0','2023-10-14 16:39:16','2023-10-14 16:39:16'),(806,'4ea949c5-4edd-40ae-8412-14a24fea43d4',101,9,'0','2023-10-14 16:39:17','2023-10-14 16:39:17'),(807,'2dfaed36-df45-467a-9920-8d03558c3632',101,10,'0','2023-10-14 16:39:20','2023-10-14 16:39:20'),(808,'66565fdc-9a96-4f2e-a0b1-83523694077f',101,11,'0','2023-10-14 16:39:21','2023-10-14 16:39:21'),(809,'1d6023d9-15cd-4b89-b01f-305fccec9799',101,12,'0','2023-10-14 16:39:22','2023-10-14 16:39:22'),(810,'7935bfca-de1b-49e9-9027-138770fdb28d',101,13,'1','2023-10-14 16:39:23','2023-10-14 16:39:23'),(811,'4c1dd0ab-e0e3-4b73-b55c-cd7308ff6fb1',101,14,'0','2023-10-14 16:39:25','2023-10-14 16:39:25'),(812,'6e83b0cd-9045-4039-9a31-f848c777527a',101,15,'0','2023-10-14 16:39:26','2023-10-14 16:39:26'),(813,'7dac0c69-9fb7-4e23-ae69-6f288b55e948',101,16,'0','2023-10-14 16:39:28','2023-10-14 16:39:28'),(814,'574d2d87-bc49-4b89-b4fb-88694c040885',101,17,'0','2023-10-14 16:39:29','2023-10-14 16:39:29'),(815,'6a320abd-5202-4731-a402-403a25b5e2cc',101,18,'0','2023-10-14 16:39:31','2023-10-14 16:39:31'),(816,'154b314c-4c51-4e67-9696-11227ea74997',101,19,'0','2023-10-14 16:39:33','2023-10-14 16:39:33'),(817,'23a33004-d97d-4989-a0c1-2957f20c0e13',101,20,'0','2023-10-14 16:39:34','2023-10-14 16:39:34'),(818,'85913623-2e74-41bc-826e-e7724e2115c2',101,21,'0','2023-10-14 16:39:38','2023-10-14 16:39:38'),(819,'9928e141-8159-4bd9-9620-dd8dc82d71d8',101,22,'0','2023-10-14 16:39:42','2023-10-14 16:39:42'),(820,'206e5162-fff7-4400-9be0-8fbc7375f778',101,23,'0','2023-10-14 16:39:46','2023-10-14 16:39:46'),(821,'90db5d5e-028b-4e93-9100-e8d198a883fd',101,24,'0','2023-10-14 16:39:49','2023-10-14 16:39:49'),(822,'6f02cf60-f5ce-494d-8df9-a51e7229b0a0',101,25,'0','2023-10-14 16:39:51','2023-10-14 16:39:51'),(823,'c354b15f-cf63-4c8b-bc09-defc8bca05d5',101,26,'0','2023-10-14 16:39:54','2023-10-14 16:39:54'),(824,'e309271a-d11f-40a2-90f6-14f91954e901',101,27,'0','2023-10-14 16:39:57','2023-10-14 16:39:57'),(825,'103b547e-6abb-40e1-ba90-76487577a12b',101,28,'0','2023-10-14 16:40:02','2023-10-14 16:40:02'),(826,'04510a5c-c048-4d9f-aefe-a830d40634e6',101,29,'0','2023-10-14 16:40:05','2023-10-14 16:40:05'),(827,'b17159a1-bfa4-48a9-ab69-0d15fe207d0b',101,30,'0','2023-10-14 16:40:09','2023-10-14 16:40:09'),(828,'5ab1017c-3acc-49f9-9032-3dff9506ffc3',101,31,'0','2023-10-14 16:40:12','2023-10-14 16:40:12'),(829,'557868a6-d017-4617-8fee-c20a9f95913c',101,32,'0','2023-10-14 16:40:16','2023-10-14 16:40:16'),(830,'e738232b-d98f-4e77-a0bd-c0c35ff62ad6',101,33,'0','2023-10-14 16:40:24','2023-10-14 16:40:24'),(831,'3922fad8-db14-4344-b18e-1abdf3fdb405',101,34,'0','2023-10-14 16:40:26','2023-10-14 16:40:26'),(832,'0bd70463-ed70-4b19-8884-93ce712335b0',101,35,'0','2023-10-14 16:40:30','2023-10-14 16:40:30'),(833,'72d5d7f0-6a3b-4451-895e-c093649ba489',101,36,'0','2023-10-14 16:40:34','2023-10-14 16:40:34'),(834,'829589e4-8f04-4be5-88c4-493197b16a6d',101,37,'0','2023-10-14 16:40:38','2023-10-14 16:40:38'),(835,'912e60bd-4221-4ce6-8185-128f4adefcf0',101,38,'0','2023-10-14 16:40:47','2023-10-14 16:40:47'),(836,'e1493faa-efd5-40fd-85ee-28a661583f4a',101,39,'0','2023-10-14 16:40:49','2023-10-14 16:40:49'),(837,'c6364545-71bf-4efe-a43b-abac6cc3f30a',101,40,'0','2023-10-14 16:40:52','2023-10-14 16:40:52'),(838,'bf42f014-29d8-40e2-b4f1-8cdc4f9791fd',101,41,'0','2023-10-14 16:40:55','2023-10-14 16:40:55'),(839,'d391451c-ad49-40c7-b3f3-b2949d4a3aa7',101,42,'1','2023-10-14 16:40:59','2023-10-14 16:40:59'),(840,'929d4314-7db5-4ccf-9c40-dd87a6e7c8b8',101,43,'0','2023-10-14 16:41:00','2023-10-14 16:41:00'),(841,'28cb2815-fd4d-491e-93f9-49aa34130d17',101,44,'1','2023-10-14 16:41:02','2023-10-14 16:41:02'),(842,'76fc1645-dc9f-490c-8fa1-265cbfd3aad6',101,45,'1','2023-10-14 16:41:05','2023-10-14 16:41:05'),(843,'314b478c-2145-4c03-bbf2-66de01f76a31',101,46,'0','2023-10-14 16:41:07','2023-10-14 16:41:07'),(844,'8dd720f6-4f52-4d5d-a50d-08d238fe72a8',101,47,'1','2023-10-14 16:41:08','2023-10-14 16:41:08'),(845,'3aecca9c-197b-431d-a223-30d352b17a19',101,48,'0','2023-10-14 16:41:12','2023-10-14 16:41:12'),(846,'8a3c4b4b-7f8e-4929-bafe-a5d22bd95dba',101,49,'0','2023-10-14 16:41:14','2023-10-14 16:41:14'),(847,'13fd2eb9-9944-439a-8129-f2310436fc9a',101,50,'0','2023-10-14 16:41:16','2023-10-14 16:41:16'),(848,'4d03c3d1-4f63-4366-a887-95702670a36f',101,51,'0','2023-10-14 16:41:34','2023-10-14 16:41:34'),(849,'9bd74274-2b33-49c0-8390-0d7e76132a6d',101,52,'0','2023-10-14 16:41:34','2023-10-14 16:41:34'),(850,'19348fa9-4936-44d2-baba-2a470f278df6',101,53,'0','2023-10-14 16:41:34','2023-10-14 16:41:34'),(851,'e454c2c1-5f96-4b79-b301-fd944ac0d18b',101,54,'0','2023-10-14 16:41:34','2023-10-14 16:41:34'),(852,'1e31e819-5856-470c-b71b-024d61d1ebbe',101,55,'0','2023-10-14 16:41:34','2023-10-14 16:41:34'),(853,'3f4976fa-f101-4451-ac60-44f692a41bef',101,56,'0','2023-10-14 16:41:34','2023-10-14 16:41:34'),(854,'8df0a68e-258f-479f-9cc5-1c65732b9b5c',101,57,'1','2023-10-14 16:41:34','2023-10-14 16:41:34'),(855,'63ab1d4e-f01d-4825-8a36-a166e6e957c0',101,58,'0','2023-10-14 16:41:34','2023-10-14 16:41:34'),(856,'fbd603ef-e3a4-43f6-9088-293d7a569fbc',101,59,'0','2023-10-14 16:41:34','2023-10-14 16:41:34'),(857,'f3961811-b4be-4a16-b744-436230beb2f6',101,60,'0','2023-10-14 16:41:34','2023-10-14 16:41:34'),(858,'15cb1519-1672-4489-976e-76b2fb275179',102,1,'0','2023-10-14 16:42:39','2023-10-14 16:42:39'),(859,'ecb7a658-a89e-48e6-b2ca-19ae54bac5fb',102,2,'0','2023-10-14 16:42:42','2023-10-14 16:42:42'),(860,'5b9e2b12-6759-468b-9e1d-926808dfcf8d',102,3,'0','2023-10-14 16:42:44','2023-10-14 16:42:44'),(861,'c9243dfb-20c9-4108-9271-7c4d9e0d392c',102,4,'0','2023-10-14 16:42:47','2023-10-14 16:42:47'),(862,'ab202037-7c4d-42fa-b647-47baadeebebb',102,5,'0','2023-10-14 16:42:48','2023-10-14 16:42:48'),(863,'6f64e5b5-067f-4617-8974-62f38c94e69a',102,6,'1','2023-10-14 16:42:52','2023-10-14 16:42:52'),(864,'a9983b12-de59-4d2b-b89a-a74cab403bfa',102,7,'1','2023-10-14 16:42:55','2023-10-14 16:42:55'),(865,'0d922abe-5a4b-4ce2-bb99-befc5707ac4a',102,8,'1','2023-10-14 16:42:58','2023-10-14 16:42:58'),(866,'5f06f925-c046-490f-9415-90f2406149d8',102,9,'0','2023-10-14 16:43:00','2023-10-14 16:43:00'),(867,'e5fa9b6f-ae32-4fbf-8d2d-19eb8c50302a',102,10,'0','2023-10-14 16:43:02','2023-10-14 16:43:02'),(868,'5087322e-ad2b-45aa-a0a7-353e2507ae2e',102,11,'0','2023-10-14 16:43:04','2023-10-14 16:43:04'),(869,'b659f33e-c5d8-4f96-96a7-89a702bbebf0',102,12,'0','2023-10-14 16:43:06','2023-10-14 16:43:06'),(870,'1cda26ad-a9ae-4318-8722-c68bf3e791aa',102,13,'1','2023-10-14 16:43:08','2023-10-14 16:43:08'),(871,'19152c17-6c59-4cc4-92d3-7b8f89da10e2',102,14,'0','2023-10-14 16:43:11','2023-10-14 16:43:11'),(872,'a0781a79-dadd-41c6-8e7f-0c32894bd35e',102,15,'1','2023-10-14 16:43:12','2023-10-14 16:43:12'),(873,'96bc6b7e-0588-474e-a309-48c570f5ccf2',102,16,'0','2023-10-14 16:43:14','2023-10-14 16:43:14'),(874,'852be135-364b-44d1-8794-827414e502a6',102,17,'0','2023-10-14 16:43:15','2023-10-14 16:43:15'),(875,'cb7febe3-b0ba-4d25-acfe-decda1d76dd8',102,18,'0','2023-10-14 16:43:17','2023-10-14 16:43:17'),(876,'a55023d9-c318-49a2-b8f9-789e3c4a0630',102,19,'0','2023-10-14 16:43:18','2023-10-14 16:43:18'),(877,'987c2e7f-589a-4f64-8d12-f945bca9ddfc',102,20,'0','2023-10-14 16:43:27','2023-10-14 16:43:27'),(878,'8fc633b0-164e-4c82-8ecc-4e03643b73dc',102,21,'0','2023-10-14 16:43:34','2023-10-14 16:43:34'),(879,'c094e8cc-77c9-4edb-bedb-23284a879e16',102,22,'0','2023-10-14 16:43:38','2023-10-14 16:43:38'),(880,'9e522be1-27d7-4a1e-9235-b456062cc314',102,23,'0','2023-10-14 16:43:41','2023-10-14 16:43:41'),(881,'62859721-3faf-4f18-9a11-0811ad112181',102,24,'0','2023-10-14 16:43:44','2023-10-14 16:43:44'),(882,'45e5a217-f6d4-4e63-89b9-7e115379d640',102,25,'0','2023-10-14 16:43:46','2023-10-14 16:43:46'),(883,'de854c9f-f702-47d6-bd2e-eaa06a001911',102,26,'0','2023-10-14 16:43:49','2023-10-14 16:43:49'),(884,'9cbf2853-4753-4ae3-86fb-8cc55873201a',102,27,'0','2023-10-14 16:43:51','2023-10-14 16:43:51'),(885,'1292ab10-0dba-4197-8a64-aaef22a5a830',102,28,'0','2023-10-14 16:43:54','2023-10-14 16:43:54'),(886,'beb060dc-2629-425f-ba49-2cd8445eb684',102,29,'0','2023-10-14 16:43:59','2023-10-14 16:43:59'),(887,'468253e0-d161-48a4-8414-6d31915b213c',102,30,'0','2023-10-14 16:44:03','2023-10-14 16:44:03'),(888,'9bf71f2b-bae3-40a0-bf1c-e82696864d8f',102,31,'0','2023-10-14 16:44:06','2023-10-14 16:44:06'),(889,'f8d77249-2a38-46f7-a3c1-04fa7573ae66',102,32,'0','2023-10-14 16:44:08','2023-10-14 16:44:08'),(890,'6407f6b3-1000-4a22-9fb7-e03d8459c116',102,33,'0','2023-10-14 16:44:11','2023-10-14 16:44:11'),(891,'3d5bb557-03bb-4398-a333-c03a7e26c4ac',102,34,'0','2023-10-14 16:44:15','2023-10-14 16:44:15'),(892,'e1296ae7-9f3d-463e-a4a2-2fa3e0326098',102,35,'0','2023-10-14 16:44:18','2023-10-14 16:44:18'),(893,'8044b9b2-37c0-4f55-b620-a46675162d70',102,36,'0','2023-10-14 16:44:21','2023-10-14 16:44:21'),(894,'79fa3556-be6b-4077-ba9b-d3f28118c06a',102,37,'0','2023-10-14 16:44:23','2023-10-14 16:44:23'),(895,'a394cb51-52ed-4496-b952-48370a378103',102,38,'0','2023-10-14 16:44:26','2023-10-14 16:44:26'),(896,'27129190-30d0-4e1c-be3d-38de42c4e3ac',102,39,'0','2023-10-14 16:44:30','2023-10-14 16:44:30'),(897,'65100263-18f0-4f17-8054-f5304cf9479b',102,40,'0','2023-10-14 16:44:32','2023-10-14 16:44:32'),(898,'fccc526f-a983-40ff-b901-f71a2be61c7d',102,41,'0','2023-10-14 16:44:35','2023-10-14 16:44:35'),(899,'c7052e58-2964-478d-8d16-a4f978132b26',102,42,'1','2023-10-14 16:44:38','2023-10-14 16:44:38'),(900,'90a33455-1a7e-4c87-8af9-b1b39072d9f5',102,43,'0','2023-10-14 16:44:39','2023-10-14 16:44:39'),(901,'4baeb55d-fa96-4934-8543-06187c391f49',102,44,'1','2023-10-14 16:44:41','2023-10-14 16:44:41'),(902,'6c7467bb-522d-409d-89e1-7e86ebd57b01',102,45,'0','2023-10-14 16:44:42','2023-10-14 16:44:42'),(903,'96706f7f-21c2-4b4a-b19a-e2662f5d732b',102,46,'0','2023-10-14 16:44:46','2023-10-14 16:44:46'),(904,'9bcb3fd7-4ab1-4ea2-a2cc-19c042dad529',102,47,'1','2023-10-14 16:44:48','2023-10-14 16:44:48'),(905,'d462a022-9cc9-44a0-9647-c6b7b562bcfc',102,48,'0','2023-10-14 16:44:50','2023-10-14 16:44:50'),(906,'6cba0068-295e-4ed8-99e1-49fecb6bc857',102,49,'1','2023-10-14 16:44:52','2023-10-14 16:44:52'),(907,'0d699f1d-b7b6-4a56-84c8-cc79cc74089a',102,50,'1','2023-10-14 16:44:53','2023-10-14 16:44:53'),(908,'846b571c-18b7-404a-8c7a-8c02b658b7df',102,51,'0','2023-10-14 16:44:59','2023-10-14 16:44:59'),(909,'f61bdbbd-81f9-46dc-ad7e-4fef612c0120',102,52,'0','2023-10-14 16:44:59','2023-10-14 16:44:59'),(910,'d4787f8f-262b-4041-8896-891734777f25',102,53,'0','2023-10-14 16:44:59','2023-10-14 16:44:59'),(911,'4d480765-6265-432f-8630-f03133fd2759',102,54,'0','2023-10-14 16:44:59','2023-10-14 16:44:59'),(912,'655b2e63-dde2-46cf-8bb4-ca93d2fb3c1b',102,55,'0','2023-10-14 16:44:59','2023-10-14 16:44:59'),(913,'15315c68-af6d-48d2-b6ce-175b02794564',102,56,'0','2023-10-14 16:44:59','2023-10-14 16:44:59'),(914,'0bfd1fc7-6dd2-4d2d-af1a-66fbe7408db4',102,57,'1','2023-10-14 16:44:59','2023-10-14 16:44:59'),(915,'8dbd6cb5-d6c3-4aa6-837c-c447357bba58',102,58,'0','2023-10-14 16:44:59','2023-10-14 16:44:59'),(916,'a6cffb64-7f2d-454e-8d8f-b41ea73e96cc',102,59,'0','2023-10-14 16:44:59','2023-10-14 16:44:59'),(917,'56fba6b3-302b-4767-9abd-d89577000c5b',102,60,'0','2023-10-14 16:44:59','2023-10-14 16:44:59'),(918,'8d8c896c-4a50-464c-9dc3-e77f2e8ee38a',103,1,'0','2023-10-14 17:11:30','2023-10-14 17:11:30'),(919,'8070a991-9ea5-4db2-b3d9-5df324e3758c',103,2,'0','2023-10-14 17:11:32','2023-10-14 17:11:32'),(920,'c612849e-b357-490a-a466-90cf09c5ed53',103,3,'0','2023-10-14 17:11:33','2023-10-14 17:11:33'),(921,'9d7eb747-7bae-420a-99d1-ab3c2a4eb108',103,4,'0','2023-10-14 17:11:35','2023-10-14 17:11:35'),(922,'346ff579-622c-49ba-aab3-2d2aeffb1336',103,5,'0','2023-10-14 17:11:36','2023-10-14 17:11:36'),(923,'80c5c656-64a3-4180-a337-0e76f341ece0',103,6,'0','2023-10-14 17:11:38','2023-10-14 17:11:38'),(924,'08093729-2446-4ca2-8442-e88b55a4eb0c',103,7,'0','2023-10-14 17:11:39','2023-10-14 17:11:39'),(925,'b0097c0f-7ce2-49a6-99c1-2ca06a85c87a',103,8,'0','2023-10-14 17:11:40','2023-10-14 17:11:40'),(926,'175fa17d-4025-4b7b-8846-86ac3e8d6286',103,9,'0','2023-10-14 17:11:41','2023-10-14 17:11:41'),(927,'fcd87580-0d83-4a9e-8aea-5e570cd92e27',103,10,'0','2023-10-14 17:11:42','2023-10-14 17:11:42'),(928,'9c1cf8a8-c8bc-4324-a3b1-f472ae79adc8',103,11,'0','2023-10-14 17:11:44','2023-10-14 17:11:44'),(929,'3a3592b3-6801-4284-adda-bd45d5ff0e78',103,12,'0','2023-10-14 17:11:45','2023-10-14 17:11:45'),(930,'06b35515-c3f5-43c7-96e6-e27baae82189',103,13,'1','2023-10-14 17:11:48','2023-10-14 17:11:48'),(931,'7b611df6-6d73-4d6a-86dd-6adb1ed616ed',103,14,'0','2023-10-14 17:11:49','2023-10-14 17:11:49'),(932,'4b792c0f-8e19-46d8-9943-9977dcee9c3b',103,15,'1','2023-10-14 17:11:51','2023-10-14 17:11:51'),(933,'f1e9893b-e302-4e93-935c-4c895443be23',103,16,'0','2023-10-14 17:11:53','2023-10-14 17:11:53'),(934,'5d10868a-f482-4740-8a85-f068a683b2e9',103,17,'0','2023-10-14 17:11:54','2023-10-14 17:11:54'),(935,'dd25fd7a-3f6e-44a1-8a16-7f919c11d913',103,18,'0','2023-10-14 17:11:56','2023-10-14 17:11:56'),(936,'cfee6f93-5390-4a97-b241-48cf6dea65b4',103,19,'0','2023-10-14 17:11:57','2023-10-14 17:11:57'),(937,'75eb91b5-763f-4152-81f3-35ad4e571bbb',103,20,'0','2023-10-14 17:11:58','2023-10-14 17:11:58'),(938,'ed6a6053-3de1-4138-9d52-58a416eb5a81',103,21,'0','2023-10-14 17:12:01','2023-10-14 17:12:01'),(939,'09f3c716-0263-454c-b4f0-3f0c8c3e9c1f',103,22,'0','2023-10-14 17:12:04','2023-10-14 17:12:04'),(940,'3629b11c-73db-48da-9f96-26761b0f5f56',103,23,'0','2023-10-14 17:12:08','2023-10-14 17:12:08'),(941,'063b8e4e-837a-4a9a-b03a-dd6bf99ef459',103,24,'0','2023-10-14 17:12:11','2023-10-14 17:12:11'),(942,'37d04bc8-5253-4bdb-8842-4cb3fbc3cfe9',103,25,'0','2023-10-14 17:12:13','2023-10-14 17:12:13'),(943,'c48eec52-3974-4420-bda3-371f72cb947f',103,26,'0','2023-10-14 17:12:15','2023-10-14 17:12:15'),(944,'3e6032b8-d5c8-436a-9691-4fb332f5a0f5',103,27,'0','2023-10-14 17:12:18','2023-10-14 17:12:18'),(945,'0e4ce499-6a7b-4798-92e8-68d650eece05',103,28,'0','2023-10-14 17:12:20','2023-10-14 17:12:20'),(946,'3ad3c5dc-03a4-44ed-8c45-63d2b85a1edf',103,29,'0','2023-10-14 17:12:26','2023-10-14 17:12:26'),(947,'2aa4aaf2-5e5d-4667-9bec-41e0e6ed780e',103,30,'0','2023-10-14 17:12:31','2023-10-14 17:12:31'),(948,'726c52a0-fb93-4a73-a16b-34c1df637c24',103,31,'0','2023-10-14 17:12:33','2023-10-14 17:12:33'),(949,'bcd3c506-3d8a-4135-9d02-1a54b16bbf7e',103,32,'0','2023-10-14 17:12:36','2023-10-14 17:12:36'),(950,'34b272d7-04bb-4f9f-88dd-86ae491dc37e',103,33,'0','2023-10-14 17:12:38','2023-10-14 17:12:38'),(951,'6aaa4a58-7d64-430a-83d0-25e43f62b867',103,34,'0','2023-10-14 17:12:40','2023-10-14 17:12:40'),(952,'d7189771-62de-45eb-bd1b-29cf20ec778a',103,35,'0','2023-10-14 17:12:42','2023-10-14 17:12:42'),(953,'7316382f-3a8e-4788-80ec-a2fa6fef3dbe',103,36,'0','2023-10-14 17:12:44','2023-10-14 17:12:44'),(954,'f53af4e0-10f2-4877-8678-6593deb1915f',103,37,'0','2023-10-14 17:12:47','2023-10-14 17:12:47'),(955,'a6de919b-06c8-470e-a9f3-a74965b601b6',103,38,'0','2023-10-14 17:12:50','2023-10-14 17:12:50'),(956,'8022dccd-2351-4bcd-b8a1-c00ad1a6b9f4',103,39,'0','2023-10-14 17:12:52','2023-10-14 17:12:52'),(957,'aab3e9ab-83b9-46f6-943a-0479ff26242e',103,40,'0','2023-10-14 17:12:54','2023-10-14 17:12:54'),(958,'d212e9f3-a661-4e8c-81b6-73ffaef02f9d',103,41,'0','2023-10-14 17:12:56','2023-10-14 17:12:56'),(959,'0ea5fbad-1632-49e8-95b0-2a43257ef417',103,42,'1','2023-10-14 17:12:58','2023-10-14 17:12:58'),(960,'49aae0cb-c3cc-45ed-b72a-de434b9d12b4',103,43,'0','2023-10-14 17:13:00','2023-10-14 17:13:00'),(961,'98b612ef-8ef9-4cf3-8ee0-8630adf3d683',103,44,'1','2023-10-14 17:13:01','2023-10-14 17:13:01'),(962,'bc2de59d-9232-4ec8-a5b2-a41bda4452f8',103,45,'0','2023-10-14 17:13:02','2023-10-14 17:13:02'),(963,'c3bc8592-d08b-457a-98d5-378f4e2f41b7',103,46,'0','2023-10-14 17:13:03','2023-10-14 17:13:03'),(964,'972b989e-2ad3-4302-bdd1-1d1f0885103d',103,47,'1','2023-10-14 17:13:05','2023-10-14 17:13:05'),(965,'bb5f0581-57db-41d2-aa8f-a59888f82dca',103,48,'0','2023-10-14 17:13:07','2023-10-14 17:13:07'),(966,'b660950a-d792-40fb-8d00-df8f3aef8eb8',103,49,'0','2023-10-14 17:13:08','2023-10-14 17:13:08'),(967,'bb7f1cf0-4f26-4afd-bf9f-b62c6ecd6ecf',103,50,'0','2023-10-14 17:13:09','2023-10-14 17:13:09'),(968,'012d4b56-25f3-4a3d-934f-86de9e9bb2ca',103,51,'0','2023-10-14 17:13:13','2023-10-14 17:13:13'),(969,'707867b2-2e98-46aa-be37-b2ae888e0712',103,52,'0','2023-10-14 17:13:13','2023-10-14 17:13:13'),(970,'37da8e5c-f60b-45d7-8614-9ffc8e20a7ab',103,53,'0','2023-10-14 17:13:13','2023-10-14 17:13:13'),(971,'6525e564-b38e-4dc5-a6af-ffcd28f17c3b',103,54,'0','2023-10-14 17:13:13','2023-10-14 17:13:13'),(972,'c8e2ede4-eb26-4eb9-b38e-dc7e2a98c461',103,55,'0','2023-10-14 17:13:13','2023-10-14 17:13:13'),(973,'93005b37-f437-4138-a188-f34b9479fca0',103,56,'0','2023-10-14 17:13:13','2023-10-14 17:13:13'),(974,'670045af-c6cc-4fb8-a2e7-277a6d5c66ad',103,57,'0','2023-10-14 17:13:13','2023-10-14 17:13:13'),(975,'78f951cb-abb6-4990-abc7-e92a2b1b91e0',103,58,'0','2023-10-14 17:13:13','2023-10-14 17:13:13'),(976,'c9f5ab73-1ce5-4e07-b209-cdd87d720cac',103,59,'0','2023-10-14 17:13:13','2023-10-14 17:13:13'),(977,'a14b61aa-e9fa-4f4b-bf8e-e1602d5f2e3a',103,60,'0','2023-10-14 17:13:13','2023-10-14 17:13:13'),(978,'f9e0668f-a2df-431e-a751-6591212dc2fb',110,1,'1','2023-10-16 05:53:56','2023-10-16 05:53:56'),(979,'922d44cd-a14c-46dd-9eba-fad596c604df',110,2,'1','2023-10-16 05:54:00','2023-10-16 05:54:00'),(980,'ac7f3452-ceca-48f0-8f5e-04f711aff1a6',110,3,'1','2023-10-16 05:54:04','2023-10-16 05:54:04'),(981,'d70d0f38-6d06-41d6-8456-643dd23ab3b5',110,4,'1','2023-10-16 05:54:08','2023-10-16 05:54:08'),(982,'e2f98b7b-74b8-4f98-b14b-9919aa8c3679',110,5,'0','2023-10-16 05:54:13','2023-10-16 05:54:13'),(983,'40de1237-7fb1-4851-99a9-46212af94e9e',110,6,'1','2023-10-16 05:54:18','2023-10-16 05:54:18'),(984,'392bfb1c-4822-488f-a1e4-87a86fe201c4',110,7,'1','2023-10-16 05:54:21','2023-10-16 05:54:21'),(985,'5dc37164-3a08-4cfb-8ea9-c58a5e4a9acb',110,8,'1','2023-10-16 05:54:24','2023-10-16 05:54:24'),(986,'502dbb40-12c9-4030-8b83-74d83b3c61c1',110,9,'0','2023-10-16 05:54:27','2023-10-16 05:54:27'),(987,'0ea4d155-11ff-44cc-bcf5-7f3d9d879c61',110,10,'1','2023-10-16 05:54:29','2023-10-16 05:54:29'),(988,'3b3f74dd-8bd1-4864-8261-1184dab5244d',110,11,'0','2023-10-16 05:54:31','2023-10-16 05:54:31'),(989,'e0483632-dc10-4793-b1f5-adb965cf21ce',110,12,'1','2023-10-16 05:54:34','2023-10-16 05:54:34'),(990,'1fe3096c-56a0-4e05-87e1-d0c945996089',110,13,'0','2023-10-16 05:54:36','2023-10-16 05:54:36'),(991,'763b0a6d-4241-4592-a8e5-03fb085e732f',110,14,'0','2023-10-16 05:54:39','2023-10-16 05:54:39'),(992,'836888b9-e53c-4d97-b8b4-c6dec96c1176',110,15,'0','2023-10-16 05:54:40','2023-10-16 05:54:40'),(993,'42f3c1df-2875-4653-9cb2-a6901c967720',110,16,'0','2023-10-16 05:54:44','2023-10-16 05:54:44'),(994,'b4b07265-9d85-4529-89d2-6bee672f188f',110,17,'0','2023-10-16 05:54:47','2023-10-16 05:54:47'),(995,'7fef85ef-a6be-4c8b-ae2d-86d6e819feb2',110,18,'1','2023-10-16 05:54:49','2023-10-16 05:54:49'),(996,'35824193-1659-4dd2-8b70-7bc4820a5e09',110,19,'0','2023-10-16 05:54:51','2023-10-16 05:54:51'),(997,'2bcd4a00-ed3b-41f2-afac-6f5cbc1d3bc2',110,20,'1','2023-10-16 05:54:53','2023-10-16 05:54:53'),(998,'b497bc85-8c78-43a1-8b2a-0adb76003753',110,21,'0','2023-10-16 05:54:59','2023-10-16 05:54:59'),(999,'1f293354-563a-4ae8-bb5c-aa5faecd26c0',110,22,'0','2023-10-16 05:55:03','2023-10-16 05:55:03'),(1000,'d7a0ec9a-e326-4bf7-873e-7033ec1db83c',110,23,'0','2023-10-16 05:55:08','2023-10-16 05:55:08'),(1001,'f6e558cd-adef-4cbc-ab06-58ed38061813',110,24,'0','2023-10-16 05:55:13','2023-10-16 05:55:13'),(1002,'1c454b5e-34f8-4f41-9f61-376b12981a2f',110,25,'0','2023-10-16 05:55:17','2023-10-16 05:55:17'),(1003,'d61b7a6d-ca4f-4b55-bb87-e6368a8ad025',110,26,'0','2023-10-16 05:55:22','2023-10-16 05:55:22'),(1004,'dd18b416-982a-44e2-aafa-377dc6bfec4d',110,27,'0','2023-10-16 05:55:27','2023-10-16 05:55:27'),(1005,'8f004e7e-b5fa-49e8-aedd-4e7d0c18dd86',110,28,'0','2023-10-16 05:55:33','2023-10-16 05:55:33'),(1006,'c5087cd1-388c-4a60-8618-c9256d68bef0',110,29,'0','2023-10-16 05:55:43','2023-10-16 05:55:43'),(1007,'013bfeec-9785-466e-a0b6-283119f592e1',110,30,'0','2023-10-16 05:55:47','2023-10-16 05:55:47'),(1008,'76b4e9ad-37dd-4033-94c2-b7ef83f6da95',110,31,'0','2023-10-16 05:55:51','2023-10-16 05:55:51'),(1009,'48f21481-7521-4b66-8fe6-3fe6d43b230c',110,32,'0','2023-10-16 05:55:54','2023-10-16 05:55:54'),(1010,'2fa33d3f-f7ff-4d6b-a2e3-41dd8435bc31',110,33,'0','2023-10-16 05:55:59','2023-10-16 05:55:59'),(1011,'104c5fff-b4fd-4708-a5c0-643228bda8c3',110,34,'0','2023-10-16 05:56:03','2023-10-16 05:56:03'),(1012,'f8c3d725-b09d-49e5-a6f5-b0af9a20a213',110,35,'0','2023-10-16 05:56:09','2023-10-16 05:56:09'),(1013,'5e19b094-211b-469a-a95c-afdb58730a90',110,36,'0','2023-10-16 05:56:14','2023-10-16 05:56:14'),(1014,'f9e589d3-8515-441d-af9d-9a5e2a293d03',110,37,'0','2023-10-16 05:56:18','2023-10-16 05:56:18'),(1015,'8f100572-3f16-4f9d-b0b5-96f2039d9b04',110,38,'0','2023-10-16 05:56:22','2023-10-16 05:56:22'),(1016,'b50bd926-0ab1-4710-a03b-866a1d0ea35b',110,39,'0','2023-10-16 05:56:27','2023-10-16 05:56:27'),(1017,'e03d0e1e-b74e-475b-8dab-08800ae058e5',110,40,'0','2023-10-16 05:56:32','2023-10-16 05:56:32'),(1018,'00a76f95-25ab-405f-9fb3-c7da37ef3d32',110,41,'1','2023-10-16 05:56:36','2023-10-16 05:56:36'),(1019,'3ba9d34b-9dad-4666-b9b4-99fddf382ba0',110,42,'1','2023-10-16 05:56:39','2023-10-16 05:56:39'),(1020,'e594bd0b-806c-4ccb-8047-45e7f4192f94',110,43,'1','2023-10-16 05:56:40','2023-10-16 05:56:40'),(1021,'97e79c16-08f4-4235-a576-f35e4d601adb',110,44,'0','2023-10-16 05:56:42','2023-10-16 05:56:42'),(1022,'ef031bbf-4b2c-40b7-9924-351e98070c26',110,45,'0','2023-10-16 05:56:45','2023-10-16 05:56:45'),(1023,'cfcacb9d-a82c-49c4-ab61-1634440770cf',110,46,'0','2023-10-16 05:56:47','2023-10-16 05:56:47'),(1024,'08ce2aea-e1f1-465f-9b87-26810b2404f4',110,47,'0','2023-10-16 05:56:49','2023-10-16 05:56:49'),(1025,'2f444478-0908-4317-92ea-1f36b2f33376',110,48,'1','2023-10-16 05:56:51','2023-10-16 05:56:51'),(1026,'4cca0314-86aa-45bb-b382-fe61ac9404bf',110,49,'1','2023-10-16 05:56:54','2023-10-16 05:56:54'),(1027,'02cb2fca-2149-47b8-a15b-009c34c410e3',110,50,'0','2023-10-16 05:57:00','2023-10-16 05:57:00'),(1028,'3337fb42-74cd-49c6-8e1c-b93183f49a30',110,51,'0','2023-10-16 05:57:55','2023-10-16 05:57:55'),(1029,'cd2d5519-9ef4-444e-96a1-38574198a6a9',110,52,'0','2023-10-16 05:57:55','2023-10-16 05:57:55'),(1030,'6074bb1e-0a97-490a-8ee8-aa6ad696c7eb',110,53,'0','2023-10-16 05:57:55','2023-10-16 05:57:55'),(1031,'8a2d8e8f-4181-4def-bdbf-58db494894c3',110,54,'0','2023-10-16 05:57:55','2023-10-16 05:57:55'),(1032,'a4d0a463-df3c-44c2-9373-783892779a4e',110,55,'0','2023-10-16 05:57:55','2023-10-16 05:57:55'),(1033,'98a9e318-7612-45dd-83e4-b6a830500e1f',110,56,'0','2023-10-16 05:57:55','2023-10-16 05:57:55'),(1034,'0858175f-6b0b-49ca-bd7f-8c44c2758b40',110,57,'0','2023-10-16 05:57:55','2023-10-16 05:57:55'),(1035,'11979b5a-c3ce-4708-9f72-b034a3ede2cf',110,58,'0','2023-10-16 05:57:55','2023-10-16 05:57:55'),(1036,'2ff4e244-5204-42f2-bfdf-df5e6cb11d22',110,59,'0','2023-10-16 05:57:55','2023-10-16 05:57:55'),(1037,'1b849375-11d4-4480-838f-bc0eb7be250d',110,60,'1','2023-10-16 05:57:55','2023-10-16 05:57:55'),(1038,'5a67510f-06eb-4233-a475-036b91774140',112,1,'0','2023-10-16 06:14:53','2023-10-16 06:14:53'),(1039,'9fe14b1f-4bd1-45b7-a652-e8355477edfc',112,2,'0','2023-10-16 06:14:56','2023-10-16 06:14:56'),(1040,'f2b0b1b7-9996-40dc-84cc-6909a90100e7',112,3,'0','2023-10-16 06:14:57','2023-10-16 06:14:57'),(1041,'b97dc2f7-5563-471d-9b67-f9c7c6a6a8f4',112,4,'0','2023-10-16 06:14:58','2023-10-16 06:14:58'),(1042,'e5dad6eb-92a6-4a97-91bd-afcbc446eafc',112,5,'0','2023-10-16 06:15:00','2023-10-16 06:15:00'),(1043,'127f534d-bd06-4a8a-ba60-d34081314e85',112,6,'1','2023-10-16 06:15:02','2023-10-16 06:15:02'),(1044,'60e6d73f-86ad-4bd7-9e74-1ece3402a352',112,7,'0','2023-10-16 06:15:03','2023-10-16 06:15:03'),(1045,'c10325b8-d98f-4256-b975-6c84ccdce71d',112,8,'0','2023-10-16 06:15:05','2023-10-16 06:15:05'),(1046,'d8faf4f6-bb02-40bd-9f8c-9367f76f0f0b',112,9,'0','2023-10-16 06:15:06','2023-10-16 06:15:06'),(1047,'40ed5e69-0060-4d74-9d0a-00e241503837',112,10,'0','2023-10-16 06:15:07','2023-10-16 06:15:07'),(1048,'9dae276c-9314-4f6d-8d2d-cd8f4301601e',112,11,'0','2023-10-16 06:15:08','2023-10-16 06:15:08'),(1049,'9cfc26b9-354c-4af0-a6bf-6ac239d26357',112,12,'0','2023-10-16 06:15:09','2023-10-16 06:15:09'),(1050,'ec9a61b3-e302-4335-8ea5-a1ff9b113145',112,13,'1','2023-10-16 06:15:11','2023-10-16 06:15:11'),(1051,'cc5b2c6c-c977-4a7d-9c28-796489d65000',112,14,'0','2023-10-16 06:15:11','2023-10-16 06:15:11'),(1052,'d6e9ebc4-4979-46e7-b742-c9aa6a4a717f',112,15,'1','2023-10-16 06:15:13','2023-10-16 06:15:13'),(1053,'4a91a444-e3f8-4c08-a095-a64426fce249',112,16,'0','2023-10-16 06:15:14','2023-10-16 06:15:14'),(1054,'38a0dee4-cae5-40cc-ba42-69d2725c632f',112,17,'0','2023-10-16 06:15:15','2023-10-16 06:15:15'),(1055,'d90c7a97-a347-4d70-a814-c4917b25aa5a',112,18,'0','2023-10-16 06:15:17','2023-10-16 06:15:17'),(1056,'80c5b656-1c51-47cc-baf7-4f1c56f8fb1d',112,19,'0','2023-10-16 06:15:19','2023-10-16 06:15:19'),(1057,'f02684fa-633e-4220-a77d-0daf9fa078e0',112,20,'0','2023-10-16 06:15:20','2023-10-16 06:15:20'),(1058,'175fa191-19ca-4ac1-be62-e7d2ad51b399',112,21,'0','2023-10-16 06:15:25','2023-10-16 06:15:25'),(1059,'df57b216-cf75-4b48-bf72-75125f093227',112,22,'0','2023-10-16 06:15:28','2023-10-16 06:15:28'),(1060,'a0dbf347-383a-4ae4-9201-a71abb396a08',112,23,'0','2023-10-16 06:15:32','2023-10-16 06:15:32'),(1061,'208dc7e7-b1bf-491d-8425-056fe79c8ba6',112,24,'0','2023-10-16 06:15:37','2023-10-16 06:15:37'),(1062,'a847833d-d07a-45ae-8d6d-89acf9230572',112,25,'0','2023-10-16 06:15:42','2023-10-16 06:15:42'),(1063,'a1767613-61b2-4f5c-b0e8-027d5c1096c0',112,26,'0','2023-10-16 06:15:46','2023-10-16 06:15:46'),(1064,'52947b78-f554-4ab2-a09f-5f1423181f21',112,27,'0','2023-10-16 06:15:49','2023-10-16 06:15:49'),(1065,'c4b58f1f-558e-492b-8eb3-e30ecda584fb',112,28,'0','2023-10-16 06:15:53','2023-10-16 06:15:53'),(1066,'bee0d412-7956-4219-9b27-30e6602feff3',112,29,'0','2023-10-16 06:15:56','2023-10-16 06:15:56'),(1067,'f5a0611c-fa4e-41ef-9da8-a155d9133f3d',112,30,'0','2023-10-16 06:16:00','2023-10-16 06:16:00'),(1068,'6ea20bed-39a1-4b88-9b41-71d2a8b21ab6',112,31,'0','2023-10-16 06:16:09','2023-10-16 06:16:09'),(1069,'a286ae24-4f57-4b7a-b9b6-b20a5776464e',112,32,'0','2023-10-16 06:16:17','2023-10-16 06:16:17'),(1070,'4ab69f48-7cda-4148-878a-df2ce5442a10',112,33,'0','2023-10-16 06:16:25','2023-10-16 06:16:25'),(1071,'f34c5836-3029-4c8c-81f0-d3b41b4d9e07',112,34,'0','2023-10-16 06:16:32','2023-10-16 06:16:32'),(1072,'a10b8486-19c4-4ebe-a9b6-e4de357bd86c',112,35,'0','2023-10-16 06:16:35','2023-10-16 06:16:35'),(1073,'89ca71f0-d410-48a0-84b0-4d7897fb9e74',112,36,'0','2023-10-16 06:16:38','2023-10-16 06:16:38'),(1074,'54811fd5-43ed-4bad-b653-b94b38f8c104',112,37,'0','2023-10-16 06:16:41','2023-10-16 06:16:41'),(1075,'7d704681-d0d5-4fdb-a98a-063f9c992096',112,38,'0','2023-10-16 06:16:44','2023-10-16 06:16:44'),(1076,'6a6feb4e-af11-44b4-bc24-fe228618156a',112,39,'0','2023-10-16 06:16:55','2023-10-16 06:16:55'),(1077,'ee043040-a13b-4f19-8514-3ba89153d187',112,40,'0','2023-10-16 06:17:08','2023-10-16 06:17:08'),(1078,'38f95d3f-c511-44a2-9d98-8c7eb6d4458c',112,41,'0','2023-10-16 06:17:14','2023-10-16 06:17:14'),(1079,'698319ed-b24c-4995-99d1-e6d391d721ad',112,42,'1','2023-10-16 06:17:15','2023-10-16 06:17:15'),(1080,'0e048532-93ea-4e68-a11d-853499e03c75',112,43,'0','2023-10-16 06:17:17','2023-10-16 06:17:17'),(1081,'1f65fba7-79a3-47f8-929e-c5f309ada5e3',112,44,'1','2023-10-16 06:17:19','2023-10-16 06:17:19'),(1082,'0ced930d-288f-41c4-b631-a0552fecc011',112,45,'1','2023-10-16 06:17:21','2023-10-16 06:17:21'),(1083,'f88cf88e-7621-46ab-8062-5d15625cff63',112,46,'1','2023-10-16 06:17:30','2023-10-16 06:17:30'),(1084,'0b4d24f8-ea37-40c8-bb1d-e29ab7144602',112,47,'1','2023-10-16 06:17:32','2023-10-16 06:17:32'),(1085,'95912ef9-6d22-41eb-ad29-fd6cbcae359c',112,48,'0','2023-10-16 06:17:34','2023-10-16 06:17:34'),(1086,'c1e6dc74-bb97-4f5e-88bd-e26edd615d31',112,49,'0','2023-10-16 06:17:38','2023-10-16 06:17:38'),(1087,'902bd06b-2e44-4f1a-b782-1ca01a792dc8',112,50,'0','2023-10-16 06:17:41','2023-10-16 06:17:41'),(1088,'853ef02e-03f7-4eea-a4dc-b68645cfc415',112,51,'0','2023-10-16 06:29:22','2023-10-16 06:29:22'),(1089,'70434517-c4d5-4486-8f9c-34f7ba5bc007',112,52,'0','2023-10-16 06:29:22','2023-10-16 06:29:22'),(1090,'638f1cb5-be54-4ad9-89a9-d6f970275eb7',112,53,'0','2023-10-16 06:29:22','2023-10-16 06:29:22'),(1091,'b09f1214-b0b9-456f-aaa9-8bbd2ab767ec',112,54,'0','2023-10-16 06:29:22','2023-10-16 06:29:22'),(1092,'9dd06014-52f9-4413-ba1e-0a11ff72ce61',112,55,'0','2023-10-16 06:29:22','2023-10-16 06:29:22'),(1093,'fcdbc80f-d2a8-4e28-975e-3affd9b8d7b6',112,56,'0','2023-10-16 06:29:22','2023-10-16 06:29:22'),(1094,'005c5922-5682-457a-be6c-7ddac608f8fd',112,57,'1','2023-10-16 06:29:22','2023-10-16 06:29:22'),(1095,'63ec6c7d-37f7-4171-b063-47df1483ba0e',112,58,'0','2023-10-16 06:29:22','2023-10-16 06:29:22'),(1096,'7306dbac-0e45-41a6-b037-29f515a1522b',112,59,'1','2023-10-16 06:29:22','2023-10-16 06:29:22'),(1097,'d616bcd8-783e-4719-8f12-230f0ab6a5cc',112,60,'0','2023-10-16 06:29:22','2023-10-16 06:29:22'),(1098,'878f87e2-2c7d-437b-99fc-038945a2f550',113,1,'0','2023-10-16 06:30:33','2023-10-16 06:30:33'),(1099,'6c433a3e-d29f-447f-a6ea-b65c983b849e',113,2,'0','2023-10-16 06:30:39','2023-10-16 06:30:39'),(1100,'28f50e28-5dfd-4448-8944-44a35462a7ca',113,3,'0','2023-10-16 06:30:43','2023-10-16 06:30:43'),(1101,'0c8fa660-ab9c-40ea-91c0-e64135e2ee5a',113,4,'0','2023-10-16 06:30:45','2023-10-16 06:30:45'),(1102,'a23a0d00-7d0e-41c1-9ef1-196a2e557853',113,5,'0','2023-10-16 06:30:47','2023-10-16 06:30:47'),(1103,'ef059ad2-4c3c-4148-8c73-b9d90fc72252',113,6,'0','2023-10-16 06:30:51','2023-10-16 06:30:51'),(1104,'3fe182c9-869a-41fd-b55e-e07d97021b99',113,7,'0','2023-10-16 06:30:53','2023-10-16 06:30:53');
/*!40000 ALTER TABLE `student_responses` ENABLE KEYS */;
UNLOCK TABLES;

--
-- Table structure for table `students`
--

DROP TABLE IF EXISTS `students`;
/*!40101 SET @saved_cs_client     = @@character_set_client */;
/*!40101 SET character_set_client = utf8 */;
CREATE TABLE `students` (
  `id` bigint(20) unsigned NOT NULL AUTO_INCREMENT,
  `uuid` char(36) NOT NULL,
  `user_id` bigint(20) unsigned NOT NULL,
  `name` varchar(100) NOT NULL,
  `class` varchar(10) NOT NULL,
  `gender` enum('male','female','others') DEFAULT NULL,
  `school_type` enum('general','special','inclusive') DEFAULT NULL,
  `locality` enum('urban','rural') DEFAULT NULL,
  `status` tinyint(1) NOT NULL DEFAULT 1 COMMENT '0->Inactive,1->active',
  `created_at` timestamp NULL DEFAULT NULL,
  `updated_at` timestamp NULL DEFAULT NULL,
  PRIMARY KEY (`id`),
  KEY `students_user_id_foreign` (`user_id`),
  CONSTRAINT `students_user_id_foreign` FOREIGN KEY (`user_id`) REFERENCES `users` (`id`) ON DELETE CASCADE
) ENGINE=InnoDB AUTO_INCREMENT=35 DEFAULT CHARSET=utf8mb4 COLLATE=utf8mb4_unicode_ci;
/*!40101 SET character_set_client = @saved_cs_client */;

--
-- Dumping data for table `students`
--

LOCK TABLES `students` WRITE;
/*!40000 ALTER TABLE `students` DISABLE KEYS */;
INSERT INTO `students` VALUES (1,'d9b35015-1d29-3eda-8203-c6450332ada5',1,'Eino Mante','10','female','general','urban',1,'2023-07-23 07:04:04','2023-07-23 07:04:04'),(2,'a38bb68c-199e-3809-80b8-8e14d5383b04',1,'Amar','7','female','general','urban',1,'2023-07-23 07:04:04','2023-08-22 03:12:28'),(3,'c56176a7-9296-39f2-b245-3791b818423f',1,'Aurelia Torphy','10','female','general','urban',1,'2023-07-23 07:04:04','2023-07-23 07:04:04'),(4,'dd9bc059-7d4e-369f-a4e2-61b181d5ebae',1,'Nayeli Kulas','10','male','general','urban',1,'2023-07-23 07:04:04','2023-07-23 07:04:04'),(5,'176596b6-bfc8-3abb-bc83-e125528d427a',1,'Sasti','7','male','general','urban',1,'2023-07-23 07:04:04','2023-07-27 04:17:49'),(6,'c1866cab-a671-3013-85a8-c96fff1a44b4',1,'sasty','8','male','general','urban',1,'2023-07-23 07:04:04','2023-08-22 17:15:24'),(7,'4f811785-a78d-34f7-89e8-ae49a6333b51',1,'sasty','7','male','general','urban',1,'2023-07-23 07:04:04','2023-07-26 16:02:37'),(8,'94192f3a-b515-3dde-b8a8-edf2563d4ac0',1,'Alyce Schaefer','10','male','general','urban',1,'2023-07-23 07:04:04','2023-07-23 07:04:04'),(9,'d18ddff1-ccc9-31a4-9339-dd24c0521172',1,'Alexis Klein DDS','10','female','general','urban',1,'2023-07-23 07:04:04','2023-07-23 07:04:04'),(10,'67ca9f8e-7e15-3ab7-ad62-09213c8d9bf7',1,'Antonetta Abshire','10','female','general','urban',1,'2023-07-23 07:04:04','2023-07-23 07:04:04'),(11,'10111281-f3ca-4b1b-a6a7-105e43dafb74',2,'Amar','7',NULL,NULL,NULL,1,'2023-07-23 07:08:59','2023-08-25 23:54:31'),(12,'5829e03f-2866-400c-bb51-afa4c7308a39',2,'sasty','7',NULL,NULL,NULL,1,'2023-07-25 17:44:10','2023-07-27 17:28:15'),(13,'f4820ab6-4024-4045-9178-9b17e23c9807',2,'T. Premalatha','8',NULL,NULL,NULL,1,'2023-07-25 17:51:04','2023-08-22 07:56:47'),(14,'4c3160ae-7775-4d0e-9df3-cf3b77b0ece1',2,'sasty','1',NULL,NULL,NULL,1,'2023-07-25 17:51:41','2023-07-25 17:51:41'),(15,'ffc9f558-7fc6-425e-9ec1-01e02b5f9f43',2,'dr','1',NULL,NULL,NULL,1,'2023-07-25 17:53:18','2023-07-25 17:53:18'),(16,'9cec30a3-225d-42dc-8409-51721910ea61',2,'sas','1',NULL,NULL,NULL,1,'2023-07-25 17:53:36','2023-07-25 17:53:36'),(17,'878059c6-8b40-4081-a9c1-1cfaec6e5eca',2,'h','7',NULL,NULL,NULL,1,'2023-07-25 18:15:08','2023-07-25 18:15:08'),(18,'c2469809-e61b-44d5-a682-17126b491e9c',2,'sasty','7',NULL,NULL,NULL,1,'2023-07-26 14:14:45','2023-07-26 14:14:45'),(19,'2fd751f0-1815-4fab-8780-432ea2a39836',6,'sastivel','7',NULL,NULL,NULL,1,'2023-07-26 15:28:16','2023-08-25 18:01:42'),(20,'298b0136-bb0e-49fc-9a4e-a3b036ddfac6',7,'sasty','1',NULL,NULL,NULL,1,'2023-07-26 16:00:42','2023-07-26 16:00:42'),(21,'b5637c7f-db31-4bec-8fce-9eadfd8b6ca7',8,'shobi','7',NULL,NULL,NULL,1,'2023-07-26 16:22:09','2023-07-26 16:22:09'),(22,'524689c6-6205-4c66-997b-360faed5e88f',9,'sasty','8',NULL,NULL,NULL,1,'2023-07-26 16:52:49','2023-07-26 16:52:49'),(23,'d745a42d-10cd-47e4-8363-061e64d6b2aa',10,'samplw','8',NULL,NULL,NULL,1,'2023-07-26 17:18:32','2023-07-26 17:18:32'),(24,'896e785b-dc74-4fc2-9f5a-c6ac90a34111',5,'Sasti','7',NULL,NULL,NULL,1,'2023-07-26 17:19:37','2023-07-26 17:19:37'),(25,'00c2a79b-e90d-4c65-8f45-2fdbd9a574ac',13,'T. Premalatha','7',NULL,NULL,NULL,1,'2023-07-28 16:24:18','2023-07-28 16:24:18'),(26,'f92dadd4-5366-4a42-8d7d-f4df4b09b992',17,'sasty','7',NULL,NULL,NULL,1,'2023-08-19 19:44:01','2023-08-19 19:44:01'),(27,'d79a0a07-ec35-41e4-9d61-c0661bbdbe23',22,'sasty','6',NULL,NULL,NULL,1,'2023-08-20 01:57:51','2023-08-20 01:57:51'),(28,'087b2ee5-dacf-42a7-9442-90cb247c7983',25,'sas','7',NULL,NULL,NULL,1,'2023-08-20 02:21:24','2023-08-20 02:21:24'),(29,'eaa0385a-9e84-4786-bb17-cb71613065ca',27,'sss','6',NULL,NULL,NULL,1,'2023-08-21 16:45:58','2023-08-21 16:45:58'),(30,'77472f21-c110-4e5e-b5aa-f753d653391b',30,'455636','6',NULL,NULL,NULL,1,'2023-08-21 16:54:47','2023-08-21 17:01:39'),(31,'92f7da69-b3f9-461a-ad73-34e987d2d2ee',34,'thiru','6',NULL,NULL,NULL,1,'2023-08-22 16:51:19','2023-08-22 16:51:19'),(32,'3f041d5a-84db-41ca-ab9c-7cd1837d315d',35,'vishwa','9',NULL,NULL,NULL,1,'2023-08-22 17:01:04','2023-08-22 17:01:04'),(33,'251aa2b2-c2be-47a0-b821-9b67c446ff9a',39,'test','7',NULL,NULL,NULL,1,'2023-09-10 08:32:51','2023-09-10 08:32:51'),(34,'969e089b-42de-4a3d-bfaa-69e3d72fa18a',40,'Aravind','9',NULL,NULL,NULL,1,'2023-09-18 17:57:07','2023-09-18 17:57:07');
/*!40000 ALTER TABLE `students` ENABLE KEYS */;
UNLOCK TABLES;

--
-- Table structure for table `users`
--

DROP TABLE IF EXISTS `users`;
/*!40101 SET @saved_cs_client     = @@character_set_client */;
/*!40101 SET character_set_client = utf8 */;
CREATE TABLE `users` (
  `id` bigint(20) unsigned NOT NULL AUTO_INCREMENT,
  `name` varchar(100) NOT NULL,
  `gender` enum('male','female','others') NOT NULL,
  `dob` date NOT NULL,
  `email` varchar(100) NOT NULL,
  `mobile` varchar(20) NOT NULL,
  `address` text NOT NULL,
  `pincode` varchar(100) NOT NULL,
  `status` tinyint(1) NOT NULL DEFAULT 1,
  `created_at` timestamp NULL DEFAULT NULL,
  `updated_at` timestamp NULL DEFAULT NULL,
  PRIMARY KEY (`id`),
  UNIQUE KEY `users_mobile_unique` (`mobile`)
) ENGINE=InnoDB AUTO_INCREMENT=41 DEFAULT CHARSET=utf8mb4 COLLATE=utf8mb4_unicode_ci;
/*!40101 SET character_set_client = @saved_cs_client */;

--
-- Dumping data for table `users`
--

LOCK TABLES `users` WRITE;
/*!40000 ALTER TABLE `users` DISABLE KEYS */;
INSERT INTO `users` VALUES (1,'Robyn Vandervort IV','male','2023-07-23','test@yop.com','5667777889','Culpa quod sapiente recusandae.','84976',1,'2023-07-23 07:03:30','2023-07-23 07:03:30'),(2,'','others','1970-01-01','','9037110485','','',1,'2023-07-23 07:05:09','2023-07-23 07:05:09'),(5,'','others','1970-01-01','','8921424504','','',1,'2023-07-24 12:28:36','2023-07-24 12:28:36'),(6,'','others','1970-01-01','','8903637380','','',1,'2023-07-25 16:26:12','2023-07-25 16:26:12'),(7,'','others','1970-01-01','','9976897497','','',1,'2023-07-26 16:00:38','2023-07-26 16:00:38'),(8,'','others','1970-01-01','','9976104922','','',1,'2023-07-26 16:22:02','2023-07-26 16:22:02'),(9,'','others','1970-01-01','','8903637390','','',1,'2023-07-26 16:52:36','2023-07-26 16:52:36'),(10,'','others','1970-01-01','','6786786780','','',1,'2023-07-26 17:18:26','2023-07-26 17:18:26'),(11,'','others','1970-01-01','','7010025007','','',1,'2023-07-27 04:23:28','2023-07-27 04:23:28'),(12,'','others','1970-01-01','','89003637380','','',1,'2023-07-27 17:26:55','2023-07-27 17:26:55'),(13,'','others','1970-01-01','','9543346084','','',1,'2023-07-28 16:23:55','2023-07-28 16:23:55'),(14,'','others','1970-01-01','','9578597595','','',1,'2023-08-19 17:21:04','2023-08-19 17:21:04'),(15,'','others','1970-01-01','','9998887776','','',1,'2023-08-19 18:39:10','2023-08-19 18:39:10'),(16,'','others','1970-01-01','','6677889900','','',1,'2023-08-19 19:22:53','2023-08-19 19:22:53'),(17,'','others','1970-01-01','','88888888888','','',1,'2023-08-19 19:42:57','2023-08-19 19:42:57'),(18,'','others','1970-01-01','','66667777787','','',1,'2023-08-19 19:51:46','2023-08-19 19:51:46'),(19,'','others','1970-01-01','','5455566789','','',1,'2023-08-20 01:54:38','2023-08-20 01:54:38'),(20,'','others','1970-01-01','','5455566788','','',1,'2023-08-20 01:55:37','2023-08-20 01:55:37'),(21,'','others','1970-01-01','','5455566777','','',1,'2023-08-20 01:56:07','2023-08-20 01:56:07'),(22,'','others','1970-01-01','','8889990000','','',1,'2023-08-20 01:57:43','2023-08-20 01:57:43'),(23,'','others','1970-01-01','','7778889990','','',1,'2023-08-20 01:58:05','2023-08-20 01:58:05'),(24,'','others','1970-01-01','','9997776668','','',1,'2023-08-20 02:16:33','2023-08-20 02:16:33'),(25,'','others','1970-01-01','','67757578890','','',1,'2023-08-20 02:21:19','2023-08-20 02:21:19'),(26,'','others','1970-01-01','','6789067890','','',1,'2023-08-21 16:33:44','2023-08-21 16:33:44'),(27,'','others','1970-01-01','','6754765879','','',1,'2023-08-21 16:45:35','2023-08-21 16:45:35'),(28,'','others','1970-01-01','','5675675670','','',1,'2023-08-21 16:51:40','2023-08-21 16:51:40'),(29,'','others','1970-01-01','','5434567890','','',1,'2023-08-21 16:52:39','2023-08-21 16:52:39'),(30,'','others','1970-01-01','','6578903456','','',1,'2023-08-21 16:54:41','2023-08-21 16:54:41'),(31,'','others','1970-01-01','','8983637380','','',1,'2023-08-21 17:32:49','2023-08-21 17:32:49'),(32,'','others','1970-01-01','','8953637380','','',1,'2023-08-21 17:37:22','2023-08-21 17:37:22'),(33,'','others','1970-01-01','','8903638380','','',1,'2023-08-21 17:44:07','2023-08-21 17:44:07'),(34,'','others','1970-01-01','','9843254829','','',1,'2023-08-22 16:51:10','2023-08-22 16:51:10'),(35,'','others','1970-01-01','','9543346083','','',1,'2023-08-22 17:00:54','2023-08-22 17:00:54'),(36,'','others','1970-01-01','','8903637680','','',1,'2023-08-22 17:19:58','2023-08-22 17:19:58'),(37,'','others','1970-01-01','','8993637380','','',1,'2023-08-22 17:41:34','2023-08-22 17:41:34'),(38,'','others','1970-01-01','','8986638380','','',1,'2023-08-22 17:42:05','2023-08-22 17:42:05'),(39,'','others','1970-01-01','','6380959037','','',1,'2023-09-10 08:32:39','2023-09-10 08:32:39'),(40,'','others','1970-01-01','','8489392297','','',1,'2023-09-18 17:56:56','2023-09-18 17:56:56');
/*!40000 ALTER TABLE `users` ENABLE KEYS */;
UNLOCK TABLES;
/*!40103 SET TIME_ZONE=@OLD_TIME_ZONE */;

/*!40101 SET SQL_MODE=@OLD_SQL_MODE */;
/*!40014 SET FOREIGN_KEY_CHECKS=@OLD_FOREIGN_KEY_CHECKS */;
/*!40014 SET UNIQUE_CHECKS=@OLD_UNIQUE_CHECKS */;
/*!40101 SET CHARACTER_SET_CLIENT=@OLD_CHARACTER_SET_CLIENT */;
/*!40101 SET CHARACTER_SET_RESULTS=@OLD_CHARACTER_SET_RESULTS */;
/*!40101 SET COLLATION_CONNECTION=@OLD_COLLATION_CONNECTION */;
/*!40111 SET SQL_NOTES=@OLD_SQL_NOTES */;

-- Dump completed on 2023-10-17  4:22:23
